ISO-10303-21;
HEADER;
FILE_DESCRIPTION(('Designed by EasyEDA Pro'),'2;1');
FILE_NAME('Open CASCADE Shape Model','2026-08-20T22:22:18',('Author'),(
    'Open CASCADE'),'Open CASCADE STEP processor 7.8','Open CASCADE 7.8'
  ,'Unknown');
FILE_SCHEMA(('AUTOMOTIVE_DESIGN { 1 0 10303 214 1 1 1 1 }'));
ENDSEC;
DATA;

#1 = APPLICATION_PROTOCOL_DEFINITION('international standard',  'automotive_design',2000,#2);
#2 = APPLICATION_CONTEXT(  'core data for automotive mechanical design processes');
#3 = SHAPE_DEFINITION_REPRESENTATION(#4,#10);
#4 = PRODUCT_DEFINITION_SHAPE('','',#5);
#5 = PRODUCT_DEFINITION('design','',#6,#9);
#6 = PRODUCT_DEFINITION_FORMATION('','',#7);
#7 = PRODUCT('EasyEDA PCB Model~bsR8','EasyEDA PCB Model~bsR8','',(#8));
#8 = PRODUCT_CONTEXT('',#2,'mechanical');
#9 = PRODUCT_DEFINITION_CONTEXT('part definition',#2,'design');
#10=SHAPE_REPRESENTATION('',(#11,#15,#19,#23,#27,#31,#35,#39),#43);
#11 = AXIS2_PLACEMENT_3D('',#12,#13,#14);
#12 = CARTESIAN_POINT('',(0.,0.,0.));
#13 = DIRECTION('',(0.,0.,1.));
#14 = DIRECTION('',(1.,0.,-0.));
#15 = AXIS2_PLACEMENT_3D('',#16,#17,#18);
#16 = CARTESIAN_POINT('',(0.,0.,0.));
#17 = DIRECTION('',(0.,0.,1.));
#18 = DIRECTION('',(1.,0.,-0.));
#19 = AXIS2_PLACEMENT_3D('',#20,#21,#22);
#20 = CARTESIAN_POINT('',(0.,0.,0.));
#21 = DIRECTION('',(0.,0.,1.));
#22 = DIRECTION('',(1.,0.,-0.));
#23 = AXIS2_PLACEMENT_3D('',#24,#25,#26);
#24 = CARTESIAN_POINT('',(0.,0.,0.));
#25 = DIRECTION('',(0.,0.,1.));
#26 = DIRECTION('',(1.,0.,-0.));
#27 = AXIS2_PLACEMENT_3D('',#28,#29,#30);
#28 = CARTESIAN_POINT('',(0.,0.,0.));
#29 = DIRECTION('',(0.,0.,1.));
#30 = DIRECTION('',(1.,0.,-0.));
#31 = AXIS2_PLACEMENT_3D('',#32,#33,#34);
#32 = CARTESIAN_POINT('',(0.,0.,0.));
#33 = DIRECTION('',(0.,0.,1.));
#34 = DIRECTION('',(1.,0.,-0.));
#35 = AXIS2_PLACEMENT_3D('',#36,#37,#38);
#36 = CARTESIAN_POINT('',(0.,0.,0.));
#37 = DIRECTION('',(0.,0.,1.));
#38 = DIRECTION('',(1.,0.,-0.));
#39 = AXIS2_PLACEMENT_3D('',#40,#41,#42);
#40 = CARTESIAN_POINT('',(0.,0.,0.));
#41 = DIRECTION('',(0.,0.,1.));
#42 = DIRECTION('',(1.,0.,-0.));
#43 = ( GEOMETRIC_REPRESENTATION_CONTEXT(3) GLOBAL_UNCERTAINTY_ASSIGNED_CONTEXT((#47)) GLOBAL_UNIT_ASSIGNED_CONTEXT((#44,#45,#46)) REPRESENTATION_CONTEXT('Context #1',  '3D Context with UNIT and UNCERTAINTY') );
#44 = ( LENGTH_UNIT() NAMED_UNIT(*) SI_UNIT(.MILLI.,.METRE.) );
#45 = ( NAMED_UNIT(*) PLANE_ANGLE_UNIT() SI_UNIT($,.RADIAN.) );
#46 = ( NAMED_UNIT(*) SI_UNIT($,.STERADIAN.) SOLID_ANGLE_UNIT() );
#47 = UNCERTAINTY_MEASURE_WITH_UNIT(LENGTH_MEASURE(1.E-07),#44,  'distance_accuracy_value','confusion accuracy');
#48 = PRODUCT_RELATED_PRODUCT_CATEGORY('part',$,(#7));
#49 = SHAPE_DEFINITION_REPRESENTATION(#50,#56);
#50 = PRODUCT_DEFINITION_SHAPE('','',#51);
#51 = PRODUCT_DEFINITION('design','',#52,#55);
#52 = PRODUCT_DEFINITION_FORMATION('','',#53);
#53 = PRODUCT('Board~bsR8','Board~bsR8','',(#54));
#54 = PRODUCT_CONTEXT('',#2,'mechanical');
#55 = PRODUCT_DEFINITION_CONTEXT('part definition',#2,'design');
#56 = ADVANCED_BREP_SHAPE_REPRESENTATION('',(#11,#57),#3907);
#57 = MANIFOLD_SOLID_BREP('',#58);
#58 = CLOSED_SHELL('',(#59,#99,#130,#161,#183,#225,#249,#291,#315,#357,    #381,#423,#447,#489,#513,#555,#579,#621,#645,#687,#711,#753,#777,    #819,#843,#885,#909,#951,#975,#1017,#1041,#1083,#1107,#1149,#1173,    #1215,#1239,#1281,#1305,#1347,#1371,#1413,#1437,#1479,#1503,#1545,    #1569,#1611,#1635,#1677,#1701,#1743,#1767,#1809,#1833,#1875,#1899,    #1941,#1965,#2007,#2031,#2073,#2097,#2139,#2163,#2205,#2229,#2271,    #2295,#2337,#2361,#2403,#2427,#2469,#2493,#2535,#2559,#2601,#2625,    #2667,#2691,#2733,#2757,#2799,#2823,#2865,#2889,#2931,#2955,#2997,    #3021,#3063,#3087,#3129,#3153,#3195,#3219,#3261,#3285,#3327,#3351,    #3393,#3417,#3459,#3483,#3695));
#59 = ADVANCED_FACE('',(#60),#94,.T.);
#60 = FACE_BOUND('',#61,.T.);
#61 = EDGE_LOOP('',(#62,#72,#80,#88));
#62 = ORIENTED_EDGE('',*,*,#63,.T.);
#63 = EDGE_CURVE('',#64,#66,#68,.T.);
#64 = VERTEX_POINT('',#65);
#65 = CARTESIAN_POINT('',(21.831343662687,70.09144018288,0.));
#66 = VERTEX_POINT('',#67);
#67 = CARTESIAN_POINT('',(21.831343662687,70.09144018288,1.600050800102)  );
#68 = LINE('',#69,#70);
#69 = CARTESIAN_POINT('',(21.831343662687,70.09144018288,0.));
#70 = VECTOR('',#71,1.);
#71 = DIRECTION('',(0.,0.,1.));
#72 = ORIENTED_EDGE('',*,*,#73,.T.);
#73 = EDGE_CURVE('',#66,#74,#76,.T.);
#74 = VERTEX_POINT('',#75);
#75 = CARTESIAN_POINT('',(21.831343662687,0.139700279401,1.600050800102)  );
#76 = LINE('',#77,#78);
#77 = CARTESIAN_POINT('',(21.831343662687,70.09144018288,1.600050800102)  );
#78 = VECTOR('',#79,1.);
#79 = DIRECTION('',(5.078806736905E-17,-1.,0.));
#80 = ORIENTED_EDGE('',*,*,#81,.F.);
#81 = EDGE_CURVE('',#82,#74,#84,.T.);
#82 = VERTEX_POINT('',#83);
#83 = CARTESIAN_POINT('',(21.831343662687,0.139700279401,0.));
#84 = LINE('',#85,#86);
#85 = CARTESIAN_POINT('',(21.831343662687,0.139700279401,0.));
#86 = VECTOR('',#87,1.);
#87 = DIRECTION('',(0.,0.,1.));
#88 = ORIENTED_EDGE('',*,*,#89,.F.);
#89 = EDGE_CURVE('',#64,#82,#90,.T.);
#90 = LINE('',#91,#92);
#91 = CARTESIAN_POINT('',(21.831343662687,70.09144018288,0.));
#92 = VECTOR('',#93,1.);
#93 = DIRECTION('',(5.078806736905E-17,-1.,0.));
#94 = PLANE('',#95);
#95 = AXIS2_PLACEMENT_3D('',#96,#97,#98);
#96 = CARTESIAN_POINT('',(21.831343662687,70.09144018288,0.));
#97 = DIRECTION('',(1.,5.078806736905E-17,-0.));
#98 = DIRECTION('',(5.078806736905E-17,-1.,0.));
#99 = ADVANCED_FACE('',(#100),#125,.T.);
#100 = FACE_BOUND('',#101,.T.);
#101 = EDGE_LOOP('',(#102,#103,#111,#119));
#102 = ORIENTED_EDGE('',*,*,#81,.T.);
#103 = ORIENTED_EDGE('',*,*,#104,.T.);
#104 = EDGE_CURVE('',#74,#105,#107,.T.);
#105 = VERTEX_POINT('',#106);
#106 = CARTESIAN_POINT('',(-1.892303784608,0.139700279401,1.600050800102    ));
#107 = LINE('',#108,#109);
#108 = CARTESIAN_POINT('',(21.831343662687,0.139700279401,1.600050800102    ));
#109 = VECTOR('',#110,1.);
#110 = DIRECTION('',(-1.,0.,0.));
#111 = ORIENTED_EDGE('',*,*,#112,.F.);
#112 = EDGE_CURVE('',#113,#105,#115,.T.);
#113 = VERTEX_POINT('',#114);
#114 = CARTESIAN_POINT('',(-1.892303784608,0.139700279401,0.));
#115 = LINE('',#116,#117);
#116 = CARTESIAN_POINT('',(-1.892303784608,0.139700279401,0.));
#117 = VECTOR('',#118,1.);
#118 = DIRECTION('',(0.,0.,1.));
#119 = ORIENTED_EDGE('',*,*,#120,.F.);
#120 = EDGE_CURVE('',#82,#113,#121,.T.);
#121 = LINE('',#122,#123);
#122 = CARTESIAN_POINT('',(21.831343662687,0.139700279401,0.));
#123 = VECTOR('',#124,1.);
#124 = DIRECTION('',(-1.,0.,0.));
#125 = PLANE('',#126);
#126 = AXIS2_PLACEMENT_3D('',#127,#128,#129);
#127 = CARTESIAN_POINT('',(21.831343662687,0.139700279401,0.));
#128 = DIRECTION('',(0.,-1.,0.));
#129 = DIRECTION('',(-1.,0.,0.));
#130 = ADVANCED_FACE('',(#131),#156,.T.);
#131 = FACE_BOUND('',#132,.T.);
#132 = EDGE_LOOP('',(#133,#134,#142,#150));
#133 = ORIENTED_EDGE('',*,*,#112,.T.);
#134 = ORIENTED_EDGE('',*,*,#135,.T.);
#135 = EDGE_CURVE('',#105,#136,#138,.T.);
#136 = VERTEX_POINT('',#137);
#137 = CARTESIAN_POINT('',(-1.892303784608,70.09144018288,1.600050800102    ));
#138 = LINE('',#139,#140);
#139 = CARTESIAN_POINT('',(-1.892303784608,0.139700279401,1.600050800102    ));
#140 = VECTOR('',#141,1.);
#141 = DIRECTION('',(4.126530473736E-17,1.,0.));
#142 = ORIENTED_EDGE('',*,*,#143,.F.);
#143 = EDGE_CURVE('',#144,#136,#146,.T.);
#144 = VERTEX_POINT('',#145);
#145 = CARTESIAN_POINT('',(-1.892303784608,70.09144018288,0.));
#146 = LINE('',#147,#148);
#147 = CARTESIAN_POINT('',(-1.892303784608,70.09144018288,0.));
#148 = VECTOR('',#149,1.);
#149 = DIRECTION('',(0.,0.,1.));
#150 = ORIENTED_EDGE('',*,*,#151,.F.);
#151 = EDGE_CURVE('',#113,#144,#152,.T.);
#152 = LINE('',#153,#154);
#153 = CARTESIAN_POINT('',(-1.892303784608,0.139700279401,0.));
#154 = VECTOR('',#155,1.);
#155 = DIRECTION('',(4.126530473736E-17,1.,0.));
#156 = PLANE('',#157);
#157 = AXIS2_PLACEMENT_3D('',#158,#159,#160);
#158 = CARTESIAN_POINT('',(-1.892303784608,0.139700279401,0.));
#159 = DIRECTION('',(-1.,4.126530473736E-17,0.));
#160 = DIRECTION('',(4.126530473736E-17,1.,0.));
#161 = ADVANCED_FACE('',(#162),#178,.T.);
#162 = FACE_BOUND('',#163,.T.);
#163 = EDGE_LOOP('',(#164,#165,#171,#172));
#164 = ORIENTED_EDGE('',*,*,#143,.T.);
#165 = ORIENTED_EDGE('',*,*,#166,.T.);
#166 = EDGE_CURVE('',#136,#66,#167,.T.);
#167 = LINE('',#168,#169);
#168 = CARTESIAN_POINT('',(-1.892303784608,70.09144018288,1.600050800102    ));
#169 = VECTOR('',#170,1.);
#170 = DIRECTION('',(1.,0.,0.));
#171 = ORIENTED_EDGE('',*,*,#63,.F.);
#172 = ORIENTED_EDGE('',*,*,#173,.F.);
#173 = EDGE_CURVE('',#144,#64,#174,.T.);
#174 = LINE('',#175,#176);
#175 = CARTESIAN_POINT('',(-1.892303784608,70.09144018288,0.));
#176 = VECTOR('',#177,1.);
#177 = DIRECTION('',(1.,0.,0.));
#178 = PLANE('',#179);
#179 = AXIS2_PLACEMENT_3D('',#180,#181,#182);
#180 = CARTESIAN_POINT('',(-1.892303784608,70.09144018288,0.));
#181 = DIRECTION('',(0.,1.,0.));
#182 = DIRECTION('',(1.,0.,0.));
#183 = ADVANCED_FACE('',(#184),#220,.F.);
#184 = FACE_BOUND('',#185,.T.);
#185 = EDGE_LOOP('',(#186,#196,#205,#213));
#186 = ORIENTED_EDGE('',*,*,#187,.T.);
#187 = EDGE_CURVE('',#188,#190,#192,.T.);
#188 = VERTEX_POINT('',#189);
#189 = CARTESIAN_POINT('',(3.040006350013,50.800101600203,0.));
#190 = VERTEX_POINT('',#191);
#191 = CARTESIAN_POINT('',(3.040006350013,50.800101600203,1.600050800102    ));
#192 = LINE('',#193,#194);
#193 = CARTESIAN_POINT('',(3.040006350013,50.800101600203,0.));
#194 = VECTOR('',#195,1.);
#195 = DIRECTION('',(0.,0.,1.));
#196 = ORIENTED_EDGE('',*,*,#197,.T.);
#197 = EDGE_CURVE('',#190,#198,#200,.T.);
#198 = VERTEX_POINT('',#199);
#199 = CARTESIAN_POINT('',(2.040003810008,50.800101600203,1.600050800102    ));
#200 = CIRCLE('',#201,0.500001270003);
#201 = AXIS2_PLACEMENT_3D('',#202,#203,#204);
#202 = CARTESIAN_POINT('',(2.54000508001,50.800101600203,1.600050800102)  );
#203 = DIRECTION('',(0.,0.,1.));
#204 = DIRECTION('',(1.,1.110223024625E-16,-0.));
#205 = ORIENTED_EDGE('',*,*,#206,.F.);
#206 = EDGE_CURVE('',#207,#198,#209,.T.);
#207 = VERTEX_POINT('',#208);
#208 = CARTESIAN_POINT('',(2.040003810008,50.800101600203,0.));
#209 = LINE('',#210,#211);
#210 = CARTESIAN_POINT('',(2.040003810008,50.800101600203,0.));
#211 = VECTOR('',#212,1.);
#212 = DIRECTION('',(0.,0.,1.));
#213 = ORIENTED_EDGE('',*,*,#214,.F.);
#214 = EDGE_CURVE('',#188,#207,#215,.T.);
#215 = CIRCLE('',#216,0.500001270003);
#216 = AXIS2_PLACEMENT_3D('',#217,#218,#219);
#217 = CARTESIAN_POINT('',(2.54000508001,50.800101600203,0.));
#218 = DIRECTION('',(0.,0.,1.));
#219 = DIRECTION('',(1.,1.110223024625E-16,-0.));
#220 = CYLINDRICAL_SURFACE('',#221,0.500001270003);
#221 = AXIS2_PLACEMENT_3D('',#222,#223,#224);
#222 = CARTESIAN_POINT('',(2.54000508001,50.800101600203,0.));
#223 = DIRECTION('',(-0.,-0.,-1.));
#224 = DIRECTION('',(1.,1.110223024625E-16,-0.));
#225 = ADVANCED_FACE('',(#226),#244,.F.);
#226 = FACE_BOUND('',#227,.T.);
#227 = EDGE_LOOP('',(#228,#229,#236,#237));
#228 = ORIENTED_EDGE('',*,*,#206,.T.);
#229 = ORIENTED_EDGE('',*,*,#230,.T.);
#230 = EDGE_CURVE('',#198,#190,#231,.T.);
#231 = CIRCLE('',#232,0.500001270003);
#232 = AXIS2_PLACEMENT_3D('',#233,#234,#235);
#233 = CARTESIAN_POINT('',(2.54000508001,50.800101600203,1.600050800102)  );
#234 = DIRECTION('',(0.,0.,1.));
#235 = DIRECTION('',(-1.,-1.110223024625E-16,0.));
#236 = ORIENTED_EDGE('',*,*,#187,.F.);
#237 = ORIENTED_EDGE('',*,*,#238,.F.);
#238 = EDGE_CURVE('',#207,#188,#239,.T.);
#239 = CIRCLE('',#240,0.500001270003);
#240 = AXIS2_PLACEMENT_3D('',#241,#242,#243);
#241 = CARTESIAN_POINT('',(2.54000508001,50.800101600203,0.));
#242 = DIRECTION('',(0.,0.,1.));
#243 = DIRECTION('',(-1.,-1.110223024625E-16,0.));
#244 = CYLINDRICAL_SURFACE('',#245,0.500001270003);
#245 = AXIS2_PLACEMENT_3D('',#246,#247,#248);
#246 = CARTESIAN_POINT('',(2.54000508001,50.800101600203,0.));
#247 = DIRECTION('',(-0.,-0.,-1.));
#248 = DIRECTION('',(-1.,-1.110223024625E-16,0.));
#249 = ADVANCED_FACE('',(#250),#286,.F.);
#250 = FACE_BOUND('',#251,.T.);
#251 = EDGE_LOOP('',(#252,#262,#271,#279));
#252 = ORIENTED_EDGE('',*,*,#253,.T.);
#253 = EDGE_CURVE('',#254,#256,#258,.T.);
#254 = VERTEX_POINT('',#255);
#255 = CARTESIAN_POINT('',(3.040006350013,48.260096520193,0.));
#256 = VERTEX_POINT('',#257);
#257 = CARTESIAN_POINT('',(3.040006350013,48.260096520193,1.600050800102    ));
#258 = LINE('',#259,#260);
#259 = CARTESIAN_POINT('',(3.040006350013,48.260096520193,0.));
#260 = VECTOR('',#261,1.);
#261 = DIRECTION('',(0.,0.,1.));
#262 = ORIENTED_EDGE('',*,*,#263,.T.);
#263 = EDGE_CURVE('',#256,#264,#266,.T.);
#264 = VERTEX_POINT('',#265);
#265 = CARTESIAN_POINT('',(2.040003810008,48.260096520193,1.600050800102    ));
#266 = CIRCLE('',#267,0.500001270003);
#267 = AXIS2_PLACEMENT_3D('',#268,#269,#270);
#268 = CARTESIAN_POINT('',(2.54000508001,48.260096520193,1.600050800102)  );
#269 = DIRECTION('',(0.,0.,1.));
#270 = DIRECTION('',(1.,1.110223024625E-16,-0.));
#271 = ORIENTED_EDGE('',*,*,#272,.F.);
#272 = EDGE_CURVE('',#273,#264,#275,.T.);
#273 = VERTEX_POINT('',#274);
#274 = CARTESIAN_POINT('',(2.040003810008,48.260096520193,0.));
#275 = LINE('',#276,#277);
#276 = CARTESIAN_POINT('',(2.040003810008,48.260096520193,0.));
#277 = VECTOR('',#278,1.);
#278 = DIRECTION('',(0.,0.,1.));
#279 = ORIENTED_EDGE('',*,*,#280,.F.);
#280 = EDGE_CURVE('',#254,#273,#281,.T.);
#281 = CIRCLE('',#282,0.500001270003);
#282 = AXIS2_PLACEMENT_3D('',#283,#284,#285);
#283 = CARTESIAN_POINT('',(2.54000508001,48.260096520193,0.));
#284 = DIRECTION('',(0.,0.,1.));
#285 = DIRECTION('',(1.,1.110223024625E-16,-0.));
#286 = CYLINDRICAL_SURFACE('',#287,0.500001270003);
#287 = AXIS2_PLACEMENT_3D('',#288,#289,#290);
#288 = CARTESIAN_POINT('',(2.54000508001,48.260096520193,0.));
#289 = DIRECTION('',(-0.,-0.,-1.));
#290 = DIRECTION('',(1.,1.110223024625E-16,-0.));
#291 = ADVANCED_FACE('',(#292),#310,.F.);
#292 = FACE_BOUND('',#293,.T.);
#293 = EDGE_LOOP('',(#294,#295,#302,#303));
#294 = ORIENTED_EDGE('',*,*,#272,.T.);
#295 = ORIENTED_EDGE('',*,*,#296,.T.);
#296 = EDGE_CURVE('',#264,#256,#297,.T.);
#297 = CIRCLE('',#298,0.500001270003);
#298 = AXIS2_PLACEMENT_3D('',#299,#300,#301);
#299 = CARTESIAN_POINT('',(2.54000508001,48.260096520193,1.600050800102)  );
#300 = DIRECTION('',(0.,0.,1.));
#301 = DIRECTION('',(-1.,-1.110223024625E-16,0.));
#302 = ORIENTED_EDGE('',*,*,#253,.F.);
#303 = ORIENTED_EDGE('',*,*,#304,.F.);
#304 = EDGE_CURVE('',#273,#254,#305,.T.);
#305 = CIRCLE('',#306,0.500001270003);
#306 = AXIS2_PLACEMENT_3D('',#307,#308,#309);
#307 = CARTESIAN_POINT('',(2.54000508001,48.260096520193,0.));
#308 = DIRECTION('',(0.,0.,1.));
#309 = DIRECTION('',(-1.,-1.110223024625E-16,0.));
#310 = CYLINDRICAL_SURFACE('',#311,0.500001270003);
#311 = AXIS2_PLACEMENT_3D('',#312,#313,#314);
#312 = CARTESIAN_POINT('',(2.54000508001,48.260096520193,0.));
#313 = DIRECTION('',(-0.,-0.,-1.));
#314 = DIRECTION('',(-1.,-1.110223024625E-16,0.));
#315 = ADVANCED_FACE('',(#316),#352,.F.);
#316 = FACE_BOUND('',#317,.T.);
#317 = EDGE_LOOP('',(#318,#328,#337,#345));
#318 = ORIENTED_EDGE('',*,*,#319,.T.);
#319 = EDGE_CURVE('',#320,#322,#324,.T.);
#320 = VERTEX_POINT('',#321);
#321 = CARTESIAN_POINT('',(3.040006350013,45.720091440183,0.));
#322 = VERTEX_POINT('',#323);
#323 = CARTESIAN_POINT('',(3.040006350013,45.720091440183,1.600050800102    ));
#324 = LINE('',#325,#326);
#325 = CARTESIAN_POINT('',(3.040006350013,45.720091440183,0.));
#326 = VECTOR('',#327,1.);
#327 = DIRECTION('',(0.,0.,1.));
#328 = ORIENTED_EDGE('',*,*,#329,.T.);
#329 = EDGE_CURVE('',#322,#330,#332,.T.);
#330 = VERTEX_POINT('',#331);
#331 = CARTESIAN_POINT('',(2.040003810008,45.720091440183,1.600050800102    ));
#332 = CIRCLE('',#333,0.500001270003);
#333 = AXIS2_PLACEMENT_3D('',#334,#335,#336);
#334 = CARTESIAN_POINT('',(2.54000508001,45.720091440183,1.600050800102)  );
#335 = DIRECTION('',(0.,0.,1.));
#336 = DIRECTION('',(1.,1.110223024625E-16,-0.));
#337 = ORIENTED_EDGE('',*,*,#338,.F.);
#338 = EDGE_CURVE('',#339,#330,#341,.T.);
#339 = VERTEX_POINT('',#340);
#340 = CARTESIAN_POINT('',(2.040003810008,45.720091440183,0.));
#341 = LINE('',#342,#343);
#342 = CARTESIAN_POINT('',(2.040003810008,45.720091440183,0.));
#343 = VECTOR('',#344,1.);
#344 = DIRECTION('',(0.,0.,1.));
#345 = ORIENTED_EDGE('',*,*,#346,.F.);
#346 = EDGE_CURVE('',#320,#339,#347,.T.);
#347 = CIRCLE('',#348,0.500001270003);
#348 = AXIS2_PLACEMENT_3D('',#349,#350,#351);
#349 = CARTESIAN_POINT('',(2.54000508001,45.720091440183,0.));
#350 = DIRECTION('',(0.,0.,1.));
#351 = DIRECTION('',(1.,1.110223024625E-16,-0.));
#352 = CYLINDRICAL_SURFACE('',#353,0.500001270003);
#353 = AXIS2_PLACEMENT_3D('',#354,#355,#356);
#354 = CARTESIAN_POINT('',(2.54000508001,45.720091440183,0.));
#355 = DIRECTION('',(-0.,-0.,-1.));
#356 = DIRECTION('',(1.,1.110223024625E-16,-0.));
#357 = ADVANCED_FACE('',(#358),#376,.F.);
#358 = FACE_BOUND('',#359,.T.);
#359 = EDGE_LOOP('',(#360,#361,#368,#369));
#360 = ORIENTED_EDGE('',*,*,#338,.T.);
#361 = ORIENTED_EDGE('',*,*,#362,.T.);
#362 = EDGE_CURVE('',#330,#322,#363,.T.);
#363 = CIRCLE('',#364,0.500001270003);
#364 = AXIS2_PLACEMENT_3D('',#365,#366,#367);
#365 = CARTESIAN_POINT('',(2.54000508001,45.720091440183,1.600050800102)  );
#366 = DIRECTION('',(0.,0.,1.));
#367 = DIRECTION('',(-1.,-1.110223024625E-16,0.));
#368 = ORIENTED_EDGE('',*,*,#319,.F.);
#369 = ORIENTED_EDGE('',*,*,#370,.F.);
#370 = EDGE_CURVE('',#339,#320,#371,.T.);
#371 = CIRCLE('',#372,0.500001270003);
#372 = AXIS2_PLACEMENT_3D('',#373,#374,#375);
#373 = CARTESIAN_POINT('',(2.54000508001,45.720091440183,0.));
#374 = DIRECTION('',(0.,0.,1.));
#375 = DIRECTION('',(-1.,-1.110223024625E-16,0.));
#376 = CYLINDRICAL_SURFACE('',#377,0.500001270003);
#377 = AXIS2_PLACEMENT_3D('',#378,#379,#380);
#378 = CARTESIAN_POINT('',(2.54000508001,45.720091440183,0.));
#379 = DIRECTION('',(-0.,-0.,-1.));
#380 = DIRECTION('',(-1.,-1.110223024625E-16,0.));
#381 = ADVANCED_FACE('',(#382),#418,.F.);
#382 = FACE_BOUND('',#383,.T.);
#383 = EDGE_LOOP('',(#384,#394,#403,#411));
#384 = ORIENTED_EDGE('',*,*,#385,.T.);
#385 = EDGE_CURVE('',#386,#388,#390,.T.);
#386 = VERTEX_POINT('',#387);
#387 = CARTESIAN_POINT('',(3.040006350013,43.180086360173,0.));
#388 = VERTEX_POINT('',#389);
#389 = CARTESIAN_POINT('',(3.040006350013,43.180086360173,1.600050800102    ));
#390 = LINE('',#391,#392);
#391 = CARTESIAN_POINT('',(3.040006350013,43.180086360173,0.));
#392 = VECTOR('',#393,1.);
#393 = DIRECTION('',(0.,0.,1.));
#394 = ORIENTED_EDGE('',*,*,#395,.T.);
#395 = EDGE_CURVE('',#388,#396,#398,.T.);
#396 = VERTEX_POINT('',#397);
#397 = CARTESIAN_POINT('',(2.040003810008,43.180086360173,1.600050800102    ));
#398 = CIRCLE('',#399,0.500001270003);
#399 = AXIS2_PLACEMENT_3D('',#400,#401,#402);
#400 = CARTESIAN_POINT('',(2.54000508001,43.180086360173,1.600050800102)  );
#401 = DIRECTION('',(0.,0.,1.));
#402 = DIRECTION('',(1.,1.110223024625E-16,-0.));
#403 = ORIENTED_EDGE('',*,*,#404,.F.);
#404 = EDGE_CURVE('',#405,#396,#407,.T.);
#405 = VERTEX_POINT('',#406);
#406 = CARTESIAN_POINT('',(2.040003810008,43.180086360173,0.));
#407 = LINE('',#408,#409);
#408 = CARTESIAN_POINT('',(2.040003810008,43.180086360173,0.));
#409 = VECTOR('',#410,1.);
#410 = DIRECTION('',(0.,0.,1.));
#411 = ORIENTED_EDGE('',*,*,#412,.F.);
#412 = EDGE_CURVE('',#386,#405,#413,.T.);
#413 = CIRCLE('',#414,0.500001270003);
#414 = AXIS2_PLACEMENT_3D('',#415,#416,#417);
#415 = CARTESIAN_POINT('',(2.54000508001,43.180086360173,0.));
#416 = DIRECTION('',(0.,0.,1.));
#417 = DIRECTION('',(1.,1.110223024625E-16,-0.));
#418 = CYLINDRICAL_SURFACE('',#419,0.500001270003);
#419 = AXIS2_PLACEMENT_3D('',#420,#421,#422);
#420 = CARTESIAN_POINT('',(2.54000508001,43.180086360173,0.));
#421 = DIRECTION('',(-0.,-0.,-1.));
#422 = DIRECTION('',(1.,1.110223024625E-16,-0.));
#423 = ADVANCED_FACE('',(#424),#442,.F.);
#424 = FACE_BOUND('',#425,.T.);
#425 = EDGE_LOOP('',(#426,#427,#434,#435));
#426 = ORIENTED_EDGE('',*,*,#404,.T.);
#427 = ORIENTED_EDGE('',*,*,#428,.T.);
#428 = EDGE_CURVE('',#396,#388,#429,.T.);
#429 = CIRCLE('',#430,0.500001270003);
#430 = AXIS2_PLACEMENT_3D('',#431,#432,#433);
#431 = CARTESIAN_POINT('',(2.54000508001,43.180086360173,1.600050800102)  );
#432 = DIRECTION('',(0.,0.,1.));
#433 = DIRECTION('',(-1.,-1.110223024625E-16,0.));
#434 = ORIENTED_EDGE('',*,*,#385,.F.);
#435 = ORIENTED_EDGE('',*,*,#436,.F.);
#436 = EDGE_CURVE('',#405,#386,#437,.T.);
#437 = CIRCLE('',#438,0.500001270003);
#438 = AXIS2_PLACEMENT_3D('',#439,#440,#441);
#439 = CARTESIAN_POINT('',(2.54000508001,43.180086360173,0.));
#440 = DIRECTION('',(0.,0.,1.));
#441 = DIRECTION('',(-1.,-1.110223024625E-16,0.));
#442 = CYLINDRICAL_SURFACE('',#443,0.500001270003);
#443 = AXIS2_PLACEMENT_3D('',#444,#445,#446);
#444 = CARTESIAN_POINT('',(2.54000508001,43.180086360173,0.));
#445 = DIRECTION('',(-0.,-0.,-1.));
#446 = DIRECTION('',(-1.,-1.110223024625E-16,0.));
#447 = ADVANCED_FACE('',(#448),#484,.F.);
#448 = FACE_BOUND('',#449,.T.);
#449 = EDGE_LOOP('',(#450,#460,#469,#477));
#450 = ORIENTED_EDGE('',*,*,#451,.T.);
#451 = EDGE_CURVE('',#452,#454,#456,.T.);
#452 = VERTEX_POINT('',#453);
#453 = CARTESIAN_POINT('',(3.040006350013,66.040132080264,0.));
#454 = VERTEX_POINT('',#455);
#455 = CARTESIAN_POINT('',(3.040006350013,66.040132080264,1.600050800102    ));
#456 = LINE('',#457,#458);
#457 = CARTESIAN_POINT('',(3.040006350013,66.040132080264,0.));
#458 = VECTOR('',#459,1.);
#459 = DIRECTION('',(0.,0.,1.));
#460 = ORIENTED_EDGE('',*,*,#461,.T.);
#461 = EDGE_CURVE('',#454,#462,#464,.T.);
#462 = VERTEX_POINT('',#463);
#463 = CARTESIAN_POINT('',(2.040003810008,66.040132080264,1.600050800102    ));
#464 = CIRCLE('',#465,0.500001270003);
#465 = AXIS2_PLACEMENT_3D('',#466,#467,#468);
#466 = CARTESIAN_POINT('',(2.54000508001,66.040132080264,1.600050800102)  );
#467 = DIRECTION('',(0.,0.,1.));
#468 = DIRECTION('',(1.,1.110223024625E-16,-0.));
#469 = ORIENTED_EDGE('',*,*,#470,.F.);
#470 = EDGE_CURVE('',#471,#462,#473,.T.);
#471 = VERTEX_POINT('',#472);
#472 = CARTESIAN_POINT('',(2.040003810008,66.040132080264,0.));
#473 = LINE('',#474,#475);
#474 = CARTESIAN_POINT('',(2.040003810008,66.040132080264,0.));
#475 = VECTOR('',#476,1.);
#476 = DIRECTION('',(0.,0.,1.));
#477 = ORIENTED_EDGE('',*,*,#478,.F.);
#478 = EDGE_CURVE('',#452,#471,#479,.T.);
#479 = CIRCLE('',#480,0.500001270003);
#480 = AXIS2_PLACEMENT_3D('',#481,#482,#483);
#481 = CARTESIAN_POINT('',(2.54000508001,66.040132080264,0.));
#482 = DIRECTION('',(0.,0.,1.));
#483 = DIRECTION('',(1.,1.110223024625E-16,-0.));
#484 = CYLINDRICAL_SURFACE('',#485,0.500001270003);
#485 = AXIS2_PLACEMENT_3D('',#486,#487,#488);
#486 = CARTESIAN_POINT('',(2.54000508001,66.040132080264,0.));
#487 = DIRECTION('',(-0.,-0.,-1.));
#488 = DIRECTION('',(1.,1.110223024625E-16,-0.));
#489 = ADVANCED_FACE('',(#490),#508,.F.);
#490 = FACE_BOUND('',#491,.T.);
#491 = EDGE_LOOP('',(#492,#493,#500,#501));
#492 = ORIENTED_EDGE('',*,*,#470,.T.);
#493 = ORIENTED_EDGE('',*,*,#494,.T.);
#494 = EDGE_CURVE('',#462,#454,#495,.T.);
#495 = CIRCLE('',#496,0.500001270003);
#496 = AXIS2_PLACEMENT_3D('',#497,#498,#499);
#497 = CARTESIAN_POINT('',(2.54000508001,66.040132080264,1.600050800102)  );
#498 = DIRECTION('',(0.,0.,1.));
#499 = DIRECTION('',(-1.,-1.110223024625E-16,0.));
#500 = ORIENTED_EDGE('',*,*,#451,.F.);
#501 = ORIENTED_EDGE('',*,*,#502,.F.);
#502 = EDGE_CURVE('',#471,#452,#503,.T.);
#503 = CIRCLE('',#504,0.500001270003);
#504 = AXIS2_PLACEMENT_3D('',#505,#506,#507);
#505 = CARTESIAN_POINT('',(2.54000508001,66.040132080264,0.));
#506 = DIRECTION('',(0.,0.,1.));
#507 = DIRECTION('',(-1.,-1.110223024625E-16,0.));
#508 = CYLINDRICAL_SURFACE('',#509,0.500001270003);
#509 = AXIS2_PLACEMENT_3D('',#510,#511,#512);
#510 = CARTESIAN_POINT('',(2.54000508001,66.040132080264,0.));
#511 = DIRECTION('',(-0.,-0.,-1.));
#512 = DIRECTION('',(-1.,-1.110223024625E-16,0.));
#513 = ADVANCED_FACE('',(#514),#550,.F.);
#514 = FACE_BOUND('',#515,.T.);
#515 = EDGE_LOOP('',(#516,#526,#535,#543));
#516 = ORIENTED_EDGE('',*,*,#517,.T.);
#517 = EDGE_CURVE('',#518,#520,#522,.T.);
#518 = VERTEX_POINT('',#519);
#519 = CARTESIAN_POINT('',(3.040006350013,63.500127000254,0.));
#520 = VERTEX_POINT('',#521);
#521 = CARTESIAN_POINT('',(3.040006350013,63.500127000254,1.600050800102    ));
#522 = LINE('',#523,#524);
#523 = CARTESIAN_POINT('',(3.040006350013,63.500127000254,0.));
#524 = VECTOR('',#525,1.);
#525 = DIRECTION('',(0.,0.,1.));
#526 = ORIENTED_EDGE('',*,*,#527,.T.);
#527 = EDGE_CURVE('',#520,#528,#530,.T.);
#528 = VERTEX_POINT('',#529);
#529 = CARTESIAN_POINT('',(2.040003810008,63.500127000254,1.600050800102    ));
#530 = CIRCLE('',#531,0.500001270003);
#531 = AXIS2_PLACEMENT_3D('',#532,#533,#534);
#532 = CARTESIAN_POINT('',(2.54000508001,63.500127000254,1.600050800102)  );
#533 = DIRECTION('',(0.,0.,1.));
#534 = DIRECTION('',(1.,1.110223024625E-16,-0.));
#535 = ORIENTED_EDGE('',*,*,#536,.F.);
#536 = EDGE_CURVE('',#537,#528,#539,.T.);
#537 = VERTEX_POINT('',#538);
#538 = CARTESIAN_POINT('',(2.040003810008,63.500127000254,0.));
#539 = LINE('',#540,#541);
#540 = CARTESIAN_POINT('',(2.040003810008,63.500127000254,0.));
#541 = VECTOR('',#542,1.);
#542 = DIRECTION('',(0.,0.,1.));
#543 = ORIENTED_EDGE('',*,*,#544,.F.);
#544 = EDGE_CURVE('',#518,#537,#545,.T.);
#545 = CIRCLE('',#546,0.500001270003);
#546 = AXIS2_PLACEMENT_3D('',#547,#548,#549);
#547 = CARTESIAN_POINT('',(2.54000508001,63.500127000254,0.));
#548 = DIRECTION('',(0.,0.,1.));
#549 = DIRECTION('',(1.,1.110223024625E-16,-0.));
#550 = CYLINDRICAL_SURFACE('',#551,0.500001270003);
#551 = AXIS2_PLACEMENT_3D('',#552,#553,#554);
#552 = CARTESIAN_POINT('',(2.54000508001,63.500127000254,0.));
#553 = DIRECTION('',(-0.,-0.,-1.));
#554 = DIRECTION('',(1.,1.110223024625E-16,-0.));
#555 = ADVANCED_FACE('',(#556),#574,.F.);
#556 = FACE_BOUND('',#557,.T.);
#557 = EDGE_LOOP('',(#558,#559,#566,#567));
#558 = ORIENTED_EDGE('',*,*,#536,.T.);
#559 = ORIENTED_EDGE('',*,*,#560,.T.);
#560 = EDGE_CURVE('',#528,#520,#561,.T.);
#561 = CIRCLE('',#562,0.500001270003);
#562 = AXIS2_PLACEMENT_3D('',#563,#564,#565);
#563 = CARTESIAN_POINT('',(2.54000508001,63.500127000254,1.600050800102)  );
#564 = DIRECTION('',(0.,0.,1.));
#565 = DIRECTION('',(-1.,-1.110223024625E-16,0.));
#566 = ORIENTED_EDGE('',*,*,#517,.F.);
#567 = ORIENTED_EDGE('',*,*,#568,.F.);
#568 = EDGE_CURVE('',#537,#518,#569,.T.);
#569 = CIRCLE('',#570,0.500001270003);
#570 = AXIS2_PLACEMENT_3D('',#571,#572,#573);
#571 = CARTESIAN_POINT('',(2.54000508001,63.500127000254,0.));
#572 = DIRECTION('',(0.,0.,1.));
#573 = DIRECTION('',(-1.,-1.110223024625E-16,0.));
#574 = CYLINDRICAL_SURFACE('',#575,0.500001270003);
#575 = AXIS2_PLACEMENT_3D('',#576,#577,#578);
#576 = CARTESIAN_POINT('',(2.54000508001,63.500127000254,0.));
#577 = DIRECTION('',(-0.,-0.,-1.));
#578 = DIRECTION('',(-1.,-1.110223024625E-16,0.));
#579 = ADVANCED_FACE('',(#580),#616,.F.);
#580 = FACE_BOUND('',#581,.T.);
#581 = EDGE_LOOP('',(#582,#592,#601,#609));
#582 = ORIENTED_EDGE('',*,*,#583,.T.);
#583 = EDGE_CURVE('',#584,#586,#588,.T.);
#584 = VERTEX_POINT('',#585);
#585 = CARTESIAN_POINT('',(3.040006350013,60.960121920244,0.));
#586 = VERTEX_POINT('',#587);
#587 = CARTESIAN_POINT('',(3.040006350013,60.960121920244,1.600050800102    ));
#588 = LINE('',#589,#590);
#589 = CARTESIAN_POINT('',(3.040006350013,60.960121920244,0.));
#590 = VECTOR('',#591,1.);
#591 = DIRECTION('',(0.,0.,1.));
#592 = ORIENTED_EDGE('',*,*,#593,.T.);
#593 = EDGE_CURVE('',#586,#594,#596,.T.);
#594 = VERTEX_POINT('',#595);
#595 = CARTESIAN_POINT('',(2.040003810008,60.960121920244,1.600050800102    ));
#596 = CIRCLE('',#597,0.500001270003);
#597 = AXIS2_PLACEMENT_3D('',#598,#599,#600);
#598 = CARTESIAN_POINT('',(2.54000508001,60.960121920244,1.600050800102)  );
#599 = DIRECTION('',(0.,0.,1.));
#600 = DIRECTION('',(1.,1.110223024625E-16,-0.));
#601 = ORIENTED_EDGE('',*,*,#602,.F.);
#602 = EDGE_CURVE('',#603,#594,#605,.T.);
#603 = VERTEX_POINT('',#604);
#604 = CARTESIAN_POINT('',(2.040003810008,60.960121920244,0.));
#605 = LINE('',#606,#607);
#606 = CARTESIAN_POINT('',(2.040003810008,60.960121920244,0.));
#607 = VECTOR('',#608,1.);
#608 = DIRECTION('',(0.,0.,1.));
#609 = ORIENTED_EDGE('',*,*,#610,.F.);
#610 = EDGE_CURVE('',#584,#603,#611,.T.);
#611 = CIRCLE('',#612,0.500001270003);
#612 = AXIS2_PLACEMENT_3D('',#613,#614,#615);
#613 = CARTESIAN_POINT('',(2.54000508001,60.960121920244,0.));
#614 = DIRECTION('',(0.,0.,1.));
#615 = DIRECTION('',(1.,1.110223024625E-16,-0.));
#616 = CYLINDRICAL_SURFACE('',#617,0.500001270003);
#617 = AXIS2_PLACEMENT_3D('',#618,#619,#620);
#618 = CARTESIAN_POINT('',(2.54000508001,60.960121920244,0.));
#619 = DIRECTION('',(-0.,-0.,-1.));
#620 = DIRECTION('',(1.,1.110223024625E-16,-0.));
#621 = ADVANCED_FACE('',(#622),#640,.F.);
#622 = FACE_BOUND('',#623,.T.);
#623 = EDGE_LOOP('',(#624,#625,#632,#633));
#624 = ORIENTED_EDGE('',*,*,#602,.T.);
#625 = ORIENTED_EDGE('',*,*,#626,.T.);
#626 = EDGE_CURVE('',#594,#586,#627,.T.);
#627 = CIRCLE('',#628,0.500001270003);
#628 = AXIS2_PLACEMENT_3D('',#629,#630,#631);
#629 = CARTESIAN_POINT('',(2.54000508001,60.960121920244,1.600050800102)  );
#630 = DIRECTION('',(0.,0.,1.));
#631 = DIRECTION('',(-1.,-1.110223024625E-16,0.));
#632 = ORIENTED_EDGE('',*,*,#583,.F.);
#633 = ORIENTED_EDGE('',*,*,#634,.F.);
#634 = EDGE_CURVE('',#603,#584,#635,.T.);
#635 = CIRCLE('',#636,0.500001270003);
#636 = AXIS2_PLACEMENT_3D('',#637,#638,#639);
#637 = CARTESIAN_POINT('',(2.54000508001,60.960121920244,0.));
#638 = DIRECTION('',(0.,0.,1.));
#639 = DIRECTION('',(-1.,-1.110223024625E-16,0.));
#640 = CYLINDRICAL_SURFACE('',#641,0.500001270003);
#641 = AXIS2_PLACEMENT_3D('',#642,#643,#644);
#642 = CARTESIAN_POINT('',(2.54000508001,60.960121920244,0.));
#643 = DIRECTION('',(-0.,-0.,-1.));
#644 = DIRECTION('',(-1.,-1.110223024625E-16,0.));
#645 = ADVANCED_FACE('',(#646),#682,.F.);
#646 = FACE_BOUND('',#647,.T.);
#647 = EDGE_LOOP('',(#648,#658,#667,#675));
#648 = ORIENTED_EDGE('',*,*,#649,.T.);
#649 = EDGE_CURVE('',#650,#652,#654,.T.);
#650 = VERTEX_POINT('',#651);
#651 = CARTESIAN_POINT('',(3.040006350013,58.420116840234,0.));
#652 = VERTEX_POINT('',#653);
#653 = CARTESIAN_POINT('',(3.040006350013,58.420116840234,1.600050800102    ));
#654 = LINE('',#655,#656);
#655 = CARTESIAN_POINT('',(3.040006350013,58.420116840234,0.));
#656 = VECTOR('',#657,1.);
#657 = DIRECTION('',(0.,0.,1.));
#658 = ORIENTED_EDGE('',*,*,#659,.T.);
#659 = EDGE_CURVE('',#652,#660,#662,.T.);
#660 = VERTEX_POINT('',#661);
#661 = CARTESIAN_POINT('',(2.040003810008,58.420116840234,1.600050800102    ));
#662 = CIRCLE('',#663,0.500001270003);
#663 = AXIS2_PLACEMENT_3D('',#664,#665,#666);
#664 = CARTESIAN_POINT('',(2.54000508001,58.420116840234,1.600050800102)  );
#665 = DIRECTION('',(0.,0.,1.));
#666 = DIRECTION('',(1.,1.110223024625E-16,-0.));
#667 = ORIENTED_EDGE('',*,*,#668,.F.);
#668 = EDGE_CURVE('',#669,#660,#671,.T.);
#669 = VERTEX_POINT('',#670);
#670 = CARTESIAN_POINT('',(2.040003810008,58.420116840234,0.));
#671 = LINE('',#672,#673);
#672 = CARTESIAN_POINT('',(2.040003810008,58.420116840234,0.));
#673 = VECTOR('',#674,1.);
#674 = DIRECTION('',(0.,0.,1.));
#675 = ORIENTED_EDGE('',*,*,#676,.F.);
#676 = EDGE_CURVE('',#650,#669,#677,.T.);
#677 = CIRCLE('',#678,0.500001270003);
#678 = AXIS2_PLACEMENT_3D('',#679,#680,#681);
#679 = CARTESIAN_POINT('',(2.54000508001,58.420116840234,0.));
#680 = DIRECTION('',(0.,0.,1.));
#681 = DIRECTION('',(1.,1.110223024625E-16,-0.));
#682 = CYLINDRICAL_SURFACE('',#683,0.500001270003);
#683 = AXIS2_PLACEMENT_3D('',#684,#685,#686);
#684 = CARTESIAN_POINT('',(2.54000508001,58.420116840234,0.));
#685 = DIRECTION('',(-0.,-0.,-1.));
#686 = DIRECTION('',(1.,1.110223024625E-16,-0.));
#687 = ADVANCED_FACE('',(#688),#706,.F.);
#688 = FACE_BOUND('',#689,.T.);
#689 = EDGE_LOOP('',(#690,#691,#698,#699));
#690 = ORIENTED_EDGE('',*,*,#668,.T.);
#691 = ORIENTED_EDGE('',*,*,#692,.T.);
#692 = EDGE_CURVE('',#660,#652,#693,.T.);
#693 = CIRCLE('',#694,0.500001270003);
#694 = AXIS2_PLACEMENT_3D('',#695,#696,#697);
#695 = CARTESIAN_POINT('',(2.54000508001,58.420116840234,1.600050800102)  );
#696 = DIRECTION('',(0.,0.,1.));
#697 = DIRECTION('',(-1.,-1.110223024625E-16,0.));
#698 = ORIENTED_EDGE('',*,*,#649,.F.);
#699 = ORIENTED_EDGE('',*,*,#700,.F.);
#700 = EDGE_CURVE('',#669,#650,#701,.T.);
#701 = CIRCLE('',#702,0.500001270003);
#702 = AXIS2_PLACEMENT_3D('',#703,#704,#705);
#703 = CARTESIAN_POINT('',(2.54000508001,58.420116840234,0.));
#704 = DIRECTION('',(0.,0.,1.));
#705 = DIRECTION('',(-1.,-1.110223024625E-16,0.));
#706 = CYLINDRICAL_SURFACE('',#707,0.500001270003);
#707 = AXIS2_PLACEMENT_3D('',#708,#709,#710);
#708 = CARTESIAN_POINT('',(2.54000508001,58.420116840234,0.));
#709 = DIRECTION('',(-0.,-0.,-1.));
#710 = DIRECTION('',(-1.,-1.110223024625E-16,0.));
#711 = ADVANCED_FACE('',(#712),#748,.F.);
#712 = FACE_BOUND('',#713,.T.);
#713 = EDGE_LOOP('',(#714,#724,#733,#741));
#714 = ORIENTED_EDGE('',*,*,#715,.T.);
#715 = EDGE_CURVE('',#716,#718,#720,.T.);
#716 = VERTEX_POINT('',#717);
#717 = CARTESIAN_POINT('',(3.040006350013,55.880111760224,0.));
#718 = VERTEX_POINT('',#719);
#719 = CARTESIAN_POINT('',(3.040006350013,55.880111760224,1.600050800102    ));
#720 = LINE('',#721,#722);
#721 = CARTESIAN_POINT('',(3.040006350013,55.880111760224,0.));
#722 = VECTOR('',#723,1.);
#723 = DIRECTION('',(0.,0.,1.));
#724 = ORIENTED_EDGE('',*,*,#725,.T.);
#725 = EDGE_CURVE('',#718,#726,#728,.T.);
#726 = VERTEX_POINT('',#727);
#727 = CARTESIAN_POINT('',(2.040003810008,55.880111760224,1.600050800102    ));
#728 = CIRCLE('',#729,0.500001270003);
#729 = AXIS2_PLACEMENT_3D('',#730,#731,#732);
#730 = CARTESIAN_POINT('',(2.54000508001,55.880111760224,1.600050800102)  );
#731 = DIRECTION('',(0.,0.,1.));
#732 = DIRECTION('',(1.,1.110223024625E-16,-0.));
#733 = ORIENTED_EDGE('',*,*,#734,.F.);
#734 = EDGE_CURVE('',#735,#726,#737,.T.);
#735 = VERTEX_POINT('',#736);
#736 = CARTESIAN_POINT('',(2.040003810008,55.880111760224,0.));
#737 = LINE('',#738,#739);
#738 = CARTESIAN_POINT('',(2.040003810008,55.880111760224,0.));
#739 = VECTOR('',#740,1.);
#740 = DIRECTION('',(0.,0.,1.));
#741 = ORIENTED_EDGE('',*,*,#742,.F.);
#742 = EDGE_CURVE('',#716,#735,#743,.T.);
#743 = CIRCLE('',#744,0.500001270003);
#744 = AXIS2_PLACEMENT_3D('',#745,#746,#747);
#745 = CARTESIAN_POINT('',(2.54000508001,55.880111760224,0.));
#746 = DIRECTION('',(0.,0.,1.));
#747 = DIRECTION('',(1.,1.110223024625E-16,-0.));
#748 = CYLINDRICAL_SURFACE('',#749,0.500001270003);
#749 = AXIS2_PLACEMENT_3D('',#750,#751,#752);
#750 = CARTESIAN_POINT('',(2.54000508001,55.880111760224,0.));
#751 = DIRECTION('',(-0.,-0.,-1.));
#752 = DIRECTION('',(1.,1.110223024625E-16,-0.));
#753 = ADVANCED_FACE('',(#754),#772,.F.);
#754 = FACE_BOUND('',#755,.T.);
#755 = EDGE_LOOP('',(#756,#757,#764,#765));
#756 = ORIENTED_EDGE('',*,*,#734,.T.);
#757 = ORIENTED_EDGE('',*,*,#758,.T.);
#758 = EDGE_CURVE('',#726,#718,#759,.T.);
#759 = CIRCLE('',#760,0.500001270003);
#760 = AXIS2_PLACEMENT_3D('',#761,#762,#763);
#761 = CARTESIAN_POINT('',(2.54000508001,55.880111760224,1.600050800102)  );
#762 = DIRECTION('',(0.,0.,1.));
#763 = DIRECTION('',(-1.,-1.110223024625E-16,0.));
#764 = ORIENTED_EDGE('',*,*,#715,.F.);
#765 = ORIENTED_EDGE('',*,*,#766,.F.);
#766 = EDGE_CURVE('',#735,#716,#767,.T.);
#767 = CIRCLE('',#768,0.500001270003);
#768 = AXIS2_PLACEMENT_3D('',#769,#770,#771);
#769 = CARTESIAN_POINT('',(2.54000508001,55.880111760224,0.));
#770 = DIRECTION('',(0.,0.,1.));
#771 = DIRECTION('',(-1.,-1.110223024625E-16,0.));
#772 = CYLINDRICAL_SURFACE('',#773,0.500001270003);
#773 = AXIS2_PLACEMENT_3D('',#774,#775,#776);
#774 = CARTESIAN_POINT('',(2.54000508001,55.880111760224,0.));
#775 = DIRECTION('',(-0.,-0.,-1.));
#776 = DIRECTION('',(-1.,-1.110223024625E-16,0.));
#777 = ADVANCED_FACE('',(#778),#814,.F.);
#778 = FACE_BOUND('',#779,.T.);
#779 = EDGE_LOOP('',(#780,#790,#799,#807));
#780 = ORIENTED_EDGE('',*,*,#781,.T.);
#781 = EDGE_CURVE('',#782,#784,#786,.T.);
#782 = VERTEX_POINT('',#783);
#783 = CARTESIAN_POINT('',(3.040006350013,53.340106680213,0.));
#784 = VERTEX_POINT('',#785);
#785 = CARTESIAN_POINT('',(3.040006350013,53.340106680213,1.600050800102    ));
#786 = LINE('',#787,#788);
#787 = CARTESIAN_POINT('',(3.040006350013,53.340106680213,0.));
#788 = VECTOR('',#789,1.);
#789 = DIRECTION('',(0.,0.,1.));
#790 = ORIENTED_EDGE('',*,*,#791,.T.);
#791 = EDGE_CURVE('',#784,#792,#794,.T.);
#792 = VERTEX_POINT('',#793);
#793 = CARTESIAN_POINT('',(2.040003810008,53.340106680213,1.600050800102    ));
#794 = CIRCLE('',#795,0.500001270003);
#795 = AXIS2_PLACEMENT_3D('',#796,#797,#798);
#796 = CARTESIAN_POINT('',(2.54000508001,53.340106680213,1.600050800102)  );
#797 = DIRECTION('',(0.,0.,1.));
#798 = DIRECTION('',(1.,1.110223024625E-16,-0.));
#799 = ORIENTED_EDGE('',*,*,#800,.F.);
#800 = EDGE_CURVE('',#801,#792,#803,.T.);
#801 = VERTEX_POINT('',#802);
#802 = CARTESIAN_POINT('',(2.040003810008,53.340106680213,0.));
#803 = LINE('',#804,#805);
#804 = CARTESIAN_POINT('',(2.040003810008,53.340106680213,0.));
#805 = VECTOR('',#806,1.);
#806 = DIRECTION('',(0.,0.,1.));
#807 = ORIENTED_EDGE('',*,*,#808,.F.);
#808 = EDGE_CURVE('',#782,#801,#809,.T.);
#809 = CIRCLE('',#810,0.500001270003);
#810 = AXIS2_PLACEMENT_3D('',#811,#812,#813);
#811 = CARTESIAN_POINT('',(2.54000508001,53.340106680213,0.));
#812 = DIRECTION('',(0.,0.,1.));
#813 = DIRECTION('',(1.,1.110223024625E-16,-0.));
#814 = CYLINDRICAL_SURFACE('',#815,0.500001270003);
#815 = AXIS2_PLACEMENT_3D('',#816,#817,#818);
#816 = CARTESIAN_POINT('',(2.54000508001,53.340106680213,0.));
#817 = DIRECTION('',(-0.,-0.,-1.));
#818 = DIRECTION('',(1.,1.110223024625E-16,-0.));
#819 = ADVANCED_FACE('',(#820),#838,.F.);
#820 = FACE_BOUND('',#821,.T.);
#821 = EDGE_LOOP('',(#822,#823,#830,#831));
#822 = ORIENTED_EDGE('',*,*,#800,.T.);
#823 = ORIENTED_EDGE('',*,*,#824,.T.);
#824 = EDGE_CURVE('',#792,#784,#825,.T.);
#825 = CIRCLE('',#826,0.500001270003);
#826 = AXIS2_PLACEMENT_3D('',#827,#828,#829);
#827 = CARTESIAN_POINT('',(2.54000508001,53.340106680213,1.600050800102)  );
#828 = DIRECTION('',(0.,0.,1.));
#829 = DIRECTION('',(-1.,-1.110223024625E-16,0.));
#830 = ORIENTED_EDGE('',*,*,#781,.F.);
#831 = ORIENTED_EDGE('',*,*,#832,.F.);
#832 = EDGE_CURVE('',#801,#782,#833,.T.);
#833 = CIRCLE('',#834,0.500001270003);
#834 = AXIS2_PLACEMENT_3D('',#835,#836,#837);
#835 = CARTESIAN_POINT('',(2.54000508001,53.340106680213,0.));
#836 = DIRECTION('',(0.,0.,1.));
#837 = DIRECTION('',(-1.,-1.110223024625E-16,0.));
#838 = CYLINDRICAL_SURFACE('',#839,0.500001270003);
#839 = AXIS2_PLACEMENT_3D('',#840,#841,#842);
#840 = CARTESIAN_POINT('',(2.54000508001,53.340106680213,0.));
#841 = DIRECTION('',(-0.,-0.,-1.));
#842 = DIRECTION('',(-1.,-1.110223024625E-16,0.));
#843 = ADVANCED_FACE('',(#844),#880,.F.);
#844 = FACE_BOUND('',#845,.T.);
#845 = EDGE_LOOP('',(#846,#856,#865,#873));
#846 = ORIENTED_EDGE('',*,*,#847,.T.);
#847 = EDGE_CURVE('',#848,#850,#852,.T.);
#848 = VERTEX_POINT('',#849);
#849 = CARTESIAN_POINT('',(10.660021590043,40.640081280163,0.));
#850 = VERTEX_POINT('',#851);
#851 = CARTESIAN_POINT('',(10.660021590043,40.640081280163,    1.600050800102));
#852 = LINE('',#853,#854);
#853 = CARTESIAN_POINT('',(10.660021590043,40.640081280163,0.));
#854 = VECTOR('',#855,1.);
#855 = DIRECTION('',(0.,0.,1.));
#856 = ORIENTED_EDGE('',*,*,#857,.T.);
#857 = EDGE_CURVE('',#850,#858,#860,.T.);
#858 = VERTEX_POINT('',#859);
#859 = CARTESIAN_POINT('',(9.660019050038,40.640081280163,1.600050800102    ));
#860 = CIRCLE('',#861,0.500001270003);
#861 = AXIS2_PLACEMENT_3D('',#862,#863,#864);
#862 = CARTESIAN_POINT('',(10.160020320041,40.640081280163,    1.600050800102));
#863 = DIRECTION('',(0.,0.,1.));
#864 = DIRECTION('',(1.,1.110223024625E-16,-0.));
#865 = ORIENTED_EDGE('',*,*,#866,.F.);
#866 = EDGE_CURVE('',#867,#858,#869,.T.);
#867 = VERTEX_POINT('',#868);
#868 = CARTESIAN_POINT('',(9.660019050038,40.640081280163,0.));
#869 = LINE('',#870,#871);
#870 = CARTESIAN_POINT('',(9.660019050038,40.640081280163,0.));
#871 = VECTOR('',#872,1.);
#872 = DIRECTION('',(0.,0.,1.));
#873 = ORIENTED_EDGE('',*,*,#874,.F.);
#874 = EDGE_CURVE('',#848,#867,#875,.T.);
#875 = CIRCLE('',#876,0.500001270003);
#876 = AXIS2_PLACEMENT_3D('',#877,#878,#879);
#877 = CARTESIAN_POINT('',(10.160020320041,40.640081280163,0.));
#878 = DIRECTION('',(0.,0.,1.));
#879 = DIRECTION('',(1.,1.110223024625E-16,-0.));
#880 = CYLINDRICAL_SURFACE('',#881,0.500001270003);
#881 = AXIS2_PLACEMENT_3D('',#882,#883,#884);
#882 = CARTESIAN_POINT('',(10.160020320041,40.640081280163,0.));
#883 = DIRECTION('',(-0.,-0.,-1.));
#884 = DIRECTION('',(1.,1.110223024625E-16,-0.));
#885 = ADVANCED_FACE('',(#886),#904,.F.);
#886 = FACE_BOUND('',#887,.T.);
#887 = EDGE_LOOP('',(#888,#889,#896,#897));
#888 = ORIENTED_EDGE('',*,*,#866,.T.);
#889 = ORIENTED_EDGE('',*,*,#890,.T.);
#890 = EDGE_CURVE('',#858,#850,#891,.T.);
#891 = CIRCLE('',#892,0.500001270003);
#892 = AXIS2_PLACEMENT_3D('',#893,#894,#895);
#893 = CARTESIAN_POINT('',(10.160020320041,40.640081280163,    1.600050800102));
#894 = DIRECTION('',(0.,0.,1.));
#895 = DIRECTION('',(-1.,-1.110223024625E-16,0.));
#896 = ORIENTED_EDGE('',*,*,#847,.F.);
#897 = ORIENTED_EDGE('',*,*,#898,.F.);
#898 = EDGE_CURVE('',#867,#848,#899,.T.);
#899 = CIRCLE('',#900,0.500001270003);
#900 = AXIS2_PLACEMENT_3D('',#901,#902,#903);
#901 = CARTESIAN_POINT('',(10.160020320041,40.640081280163,0.));
#902 = DIRECTION('',(0.,0.,1.));
#903 = DIRECTION('',(-1.,-1.110223024625E-16,0.));
#904 = CYLINDRICAL_SURFACE('',#905,0.500001270003);
#905 = AXIS2_PLACEMENT_3D('',#906,#907,#908);
#906 = CARTESIAN_POINT('',(10.160020320041,40.640081280163,0.));
#907 = DIRECTION('',(-0.,-0.,-1.));
#908 = DIRECTION('',(-1.,-1.110223024625E-16,0.));
#909 = ADVANCED_FACE('',(#910),#946,.F.);
#910 = FACE_BOUND('',#911,.T.);
#911 = EDGE_LOOP('',(#912,#922,#931,#939));
#912 = ORIENTED_EDGE('',*,*,#913,.T.);
#913 = EDGE_CURVE('',#914,#916,#918,.T.);
#914 = VERTEX_POINT('',#915);
#915 = CARTESIAN_POINT('',(10.660021590043,38.100076200152,0.));
#916 = VERTEX_POINT('',#917);
#917 = CARTESIAN_POINT('',(10.660021590043,38.100076200152,    1.600050800102));
#918 = LINE('',#919,#920);
#919 = CARTESIAN_POINT('',(10.660021590043,38.100076200152,0.));
#920 = VECTOR('',#921,1.);
#921 = DIRECTION('',(0.,0.,1.));
#922 = ORIENTED_EDGE('',*,*,#923,.T.);
#923 = EDGE_CURVE('',#916,#924,#926,.T.);
#924 = VERTEX_POINT('',#925);
#925 = CARTESIAN_POINT('',(9.660019050038,38.100076200152,1.600050800102    ));
#926 = CIRCLE('',#927,0.500001270003);
#927 = AXIS2_PLACEMENT_3D('',#928,#929,#930);
#928 = CARTESIAN_POINT('',(10.160020320041,38.100076200152,    1.600050800102));
#929 = DIRECTION('',(0.,0.,1.));
#930 = DIRECTION('',(1.,1.110223024625E-16,-0.));
#931 = ORIENTED_EDGE('',*,*,#932,.F.);
#932 = EDGE_CURVE('',#933,#924,#935,.T.);
#933 = VERTEX_POINT('',#934);
#934 = CARTESIAN_POINT('',(9.660019050038,38.100076200152,0.));
#935 = LINE('',#936,#937);
#936 = CARTESIAN_POINT('',(9.660019050038,38.100076200152,0.));
#937 = VECTOR('',#938,1.);
#938 = DIRECTION('',(0.,0.,1.));
#939 = ORIENTED_EDGE('',*,*,#940,.F.);
#940 = EDGE_CURVE('',#914,#933,#941,.T.);
#941 = CIRCLE('',#942,0.500001270003);
#942 = AXIS2_PLACEMENT_3D('',#943,#944,#945);
#943 = CARTESIAN_POINT('',(10.160020320041,38.100076200152,0.));
#944 = DIRECTION('',(0.,0.,1.));
#945 = DIRECTION('',(1.,1.110223024625E-16,-0.));
#946 = CYLINDRICAL_SURFACE('',#947,0.500001270003);
#947 = AXIS2_PLACEMENT_3D('',#948,#949,#950);
#948 = CARTESIAN_POINT('',(10.160020320041,38.100076200152,0.));
#949 = DIRECTION('',(-0.,-0.,-1.));
#950 = DIRECTION('',(1.,1.110223024625E-16,-0.));
#951 = ADVANCED_FACE('',(#952),#970,.F.);
#952 = FACE_BOUND('',#953,.T.);
#953 = EDGE_LOOP('',(#954,#955,#962,#963));
#954 = ORIENTED_EDGE('',*,*,#932,.T.);
#955 = ORIENTED_EDGE('',*,*,#956,.T.);
#956 = EDGE_CURVE('',#924,#916,#957,.T.);
#957 = CIRCLE('',#958,0.500001270003);
#958 = AXIS2_PLACEMENT_3D('',#959,#960,#961);
#959 = CARTESIAN_POINT('',(10.160020320041,38.100076200152,    1.600050800102));
#960 = DIRECTION('',(0.,0.,1.));
#961 = DIRECTION('',(-1.,-1.110223024625E-16,0.));
#962 = ORIENTED_EDGE('',*,*,#913,.F.);
#963 = ORIENTED_EDGE('',*,*,#964,.F.);
#964 = EDGE_CURVE('',#933,#914,#965,.T.);
#965 = CIRCLE('',#966,0.500001270003);
#966 = AXIS2_PLACEMENT_3D('',#967,#968,#969);
#967 = CARTESIAN_POINT('',(10.160020320041,38.100076200152,0.));
#968 = DIRECTION('',(0.,0.,1.));
#969 = DIRECTION('',(-1.,-1.110223024625E-16,0.));
#970 = CYLINDRICAL_SURFACE('',#971,0.500001270003);
#971 = AXIS2_PLACEMENT_3D('',#972,#973,#974);
#972 = CARTESIAN_POINT('',(10.160020320041,38.100076200152,0.));
#973 = DIRECTION('',(-0.,-0.,-1.));
#974 = DIRECTION('',(-1.,-1.110223024625E-16,0.));
#975 = ADVANCED_FACE('',(#976),#1012,.F.);
#976 = FACE_BOUND('',#977,.T.);
#977 = EDGE_LOOP('',(#978,#988,#997,#1005));
#978 = ORIENTED_EDGE('',*,*,#979,.T.);
#979 = EDGE_CURVE('',#980,#982,#984,.T.);
#980 = VERTEX_POINT('',#981);
#981 = CARTESIAN_POINT('',(10.660021590043,35.560071120142,0.));
#982 = VERTEX_POINT('',#983);
#983 = CARTESIAN_POINT('',(10.660021590043,35.560071120142,    1.600050800102));
#984 = LINE('',#985,#986);
#985 = CARTESIAN_POINT('',(10.660021590043,35.560071120142,0.));
#986 = VECTOR('',#987,1.);
#987 = DIRECTION('',(0.,0.,1.));
#988 = ORIENTED_EDGE('',*,*,#989,.T.);
#989 = EDGE_CURVE('',#982,#990,#992,.T.);
#990 = VERTEX_POINT('',#991);
#991 = CARTESIAN_POINT('',(9.660019050038,35.560071120142,1.600050800102    ));
#992 = CIRCLE('',#993,0.500001270003);
#993 = AXIS2_PLACEMENT_3D('',#994,#995,#996);
#994 = CARTESIAN_POINT('',(10.160020320041,35.560071120142,    1.600050800102));
#995 = DIRECTION('',(0.,0.,1.));
#996 = DIRECTION('',(1.,1.110223024625E-16,-0.));
#997 = ORIENTED_EDGE('',*,*,#998,.F.);
#998 = EDGE_CURVE('',#999,#990,#1001,.T.);
#999 = VERTEX_POINT('',#1000);
#1000 = CARTESIAN_POINT('',(9.660019050038,35.560071120142,0.));
#1001 = LINE('',#1002,#1003);
#1002 = CARTESIAN_POINT('',(9.660019050038,35.560071120142,0.));
#1003 = VECTOR('',#1004,1.);
#1004 = DIRECTION('',(0.,0.,1.));
#1005 = ORIENTED_EDGE('',*,*,#1006,.F.);
#1006 = EDGE_CURVE('',#980,#999,#1007,.T.);
#1007 = CIRCLE('',#1008,0.500001270003);
#1008 = AXIS2_PLACEMENT_3D('',#1009,#1010,#1011);
#1009 = CARTESIAN_POINT('',(10.160020320041,35.560071120142,0.));
#1010 = DIRECTION('',(0.,0.,1.));
#1011 = DIRECTION('',(1.,1.110223024625E-16,-0.));
#1012 = CYLINDRICAL_SURFACE('',#1013,0.500001270003);
#1013 = AXIS2_PLACEMENT_3D('',#1014,#1015,#1016);
#1014 = CARTESIAN_POINT('',(10.160020320041,35.560071120142,0.));
#1015 = DIRECTION('',(-0.,-0.,-1.));
#1016 = DIRECTION('',(1.,1.110223024625E-16,-0.));
#1017 = ADVANCED_FACE('',(#1018),#1036,.F.);
#1018 = FACE_BOUND('',#1019,.T.);
#1019 = EDGE_LOOP('',(#1020,#1021,#1028,#1029));
#1020 = ORIENTED_EDGE('',*,*,#998,.T.);
#1021 = ORIENTED_EDGE('',*,*,#1022,.T.);
#1022 = EDGE_CURVE('',#990,#982,#1023,.T.);
#1023 = CIRCLE('',#1024,0.500001270003);
#1024 = AXIS2_PLACEMENT_3D('',#1025,#1026,#1027);
#1025 = CARTESIAN_POINT('',(10.160020320041,35.560071120142,    1.600050800102));
#1026 = DIRECTION('',(0.,0.,1.));
#1027 = DIRECTION('',(-1.,-1.110223024625E-16,0.));
#1028 = ORIENTED_EDGE('',*,*,#979,.F.);
#1029 = ORIENTED_EDGE('',*,*,#1030,.F.);
#1030 = EDGE_CURVE('',#999,#980,#1031,.T.);
#1031 = CIRCLE('',#1032,0.500001270003);
#1032 = AXIS2_PLACEMENT_3D('',#1033,#1034,#1035);
#1033 = CARTESIAN_POINT('',(10.160020320041,35.560071120142,0.));
#1034 = DIRECTION('',(0.,0.,1.));
#1035 = DIRECTION('',(-1.,-1.110223024625E-16,0.));
#1036 = CYLINDRICAL_SURFACE('',#1037,0.500001270003);
#1037 = AXIS2_PLACEMENT_3D('',#1038,#1039,#1040);
#1038 = CARTESIAN_POINT('',(10.160020320041,35.560071120142,0.));
#1039 = DIRECTION('',(-0.,-0.,-1.));
#1040 = DIRECTION('',(-1.,-1.110223024625E-16,0.));
#1041 = ADVANCED_FACE('',(#1042),#1078,.F.);
#1042 = FACE_BOUND('',#1043,.T.);
#1043 = EDGE_LOOP('',(#1044,#1054,#1063,#1071));
#1044 = ORIENTED_EDGE('',*,*,#1045,.T.);
#1045 = EDGE_CURVE('',#1046,#1048,#1050,.T.);
#1046 = VERTEX_POINT('',#1047);
#1047 = CARTESIAN_POINT('',(10.660021590043,48.260096520193,0.));
#1048 = VERTEX_POINT('',#1049);
#1049 = CARTESIAN_POINT('',(10.660021590043,48.260096520193,    1.600050800102));
#1050 = LINE('',#1051,#1052);
#1051 = CARTESIAN_POINT('',(10.660021590043,48.260096520193,0.));
#1052 = VECTOR('',#1053,1.);
#1053 = DIRECTION('',(0.,0.,1.));
#1054 = ORIENTED_EDGE('',*,*,#1055,.T.);
#1055 = EDGE_CURVE('',#1048,#1056,#1058,.T.);
#1056 = VERTEX_POINT('',#1057);
#1057 = CARTESIAN_POINT('',(9.660019050038,48.260096520193,    1.600050800102));
#1058 = CIRCLE('',#1059,0.500001270003);
#1059 = AXIS2_PLACEMENT_3D('',#1060,#1061,#1062);
#1060 = CARTESIAN_POINT('',(10.160020320041,48.260096520193,    1.600050800102));
#1061 = DIRECTION('',(0.,0.,1.));
#1062 = DIRECTION('',(1.,1.110223024625E-16,-0.));
#1063 = ORIENTED_EDGE('',*,*,#1064,.F.);
#1064 = EDGE_CURVE('',#1065,#1056,#1067,.T.);
#1065 = VERTEX_POINT('',#1066);
#1066 = CARTESIAN_POINT('',(9.660019050038,48.260096520193,0.));
#1067 = LINE('',#1068,#1069);
#1068 = CARTESIAN_POINT('',(9.660019050038,48.260096520193,0.));
#1069 = VECTOR('',#1070,1.);
#1070 = DIRECTION('',(0.,0.,1.));
#1071 = ORIENTED_EDGE('',*,*,#1072,.F.);
#1072 = EDGE_CURVE('',#1046,#1065,#1073,.T.);
#1073 = CIRCLE('',#1074,0.500001270003);
#1074 = AXIS2_PLACEMENT_3D('',#1075,#1076,#1077);
#1075 = CARTESIAN_POINT('',(10.160020320041,48.260096520193,0.));
#1076 = DIRECTION('',(0.,0.,1.));
#1077 = DIRECTION('',(1.,1.110223024625E-16,-0.));
#1078 = CYLINDRICAL_SURFACE('',#1079,0.500001270003);
#1079 = AXIS2_PLACEMENT_3D('',#1080,#1081,#1082);
#1080 = CARTESIAN_POINT('',(10.160020320041,48.260096520193,0.));
#1081 = DIRECTION('',(-0.,-0.,-1.));
#1082 = DIRECTION('',(1.,1.110223024625E-16,-0.));
#1083 = ADVANCED_FACE('',(#1084),#1102,.F.);
#1084 = FACE_BOUND('',#1085,.T.);
#1085 = EDGE_LOOP('',(#1086,#1087,#1094,#1095));
#1086 = ORIENTED_EDGE('',*,*,#1064,.T.);
#1087 = ORIENTED_EDGE('',*,*,#1088,.T.);
#1088 = EDGE_CURVE('',#1056,#1048,#1089,.T.);
#1089 = CIRCLE('',#1090,0.500001270003);
#1090 = AXIS2_PLACEMENT_3D('',#1091,#1092,#1093);
#1091 = CARTESIAN_POINT('',(10.160020320041,48.260096520193,    1.600050800102));
#1092 = DIRECTION('',(0.,0.,1.));
#1093 = DIRECTION('',(-1.,-1.110223024625E-16,0.));
#1094 = ORIENTED_EDGE('',*,*,#1045,.F.);
#1095 = ORIENTED_EDGE('',*,*,#1096,.F.);
#1096 = EDGE_CURVE('',#1065,#1046,#1097,.T.);
#1097 = CIRCLE('',#1098,0.500001270003);
#1098 = AXIS2_PLACEMENT_3D('',#1099,#1100,#1101);
#1099 = CARTESIAN_POINT('',(10.160020320041,48.260096520193,0.));
#1100 = DIRECTION('',(0.,0.,1.));
#1101 = DIRECTION('',(-1.,-1.110223024625E-16,0.));
#1102 = CYLINDRICAL_SURFACE('',#1103,0.500001270003);
#1103 = AXIS2_PLACEMENT_3D('',#1104,#1105,#1106);
#1104 = CARTESIAN_POINT('',(10.160020320041,48.260096520193,0.));
#1105 = DIRECTION('',(-0.,-0.,-1.));
#1106 = DIRECTION('',(-1.,-1.110223024625E-16,0.));
#1107 = ADVANCED_FACE('',(#1108),#1144,.F.);
#1108 = FACE_BOUND('',#1109,.T.);
#1109 = EDGE_LOOP('',(#1110,#1120,#1129,#1137));
#1110 = ORIENTED_EDGE('',*,*,#1111,.T.);
#1111 = EDGE_CURVE('',#1112,#1114,#1116,.T.);
#1112 = VERTEX_POINT('',#1113);
#1113 = CARTESIAN_POINT('',(10.660021590043,50.800101600203,0.));
#1114 = VERTEX_POINT('',#1115);
#1115 = CARTESIAN_POINT('',(10.660021590043,50.800101600203,    1.600050800102));
#1116 = LINE('',#1117,#1118);
#1117 = CARTESIAN_POINT('',(10.660021590043,50.800101600203,0.));
#1118 = VECTOR('',#1119,1.);
#1119 = DIRECTION('',(0.,0.,1.));
#1120 = ORIENTED_EDGE('',*,*,#1121,.T.);
#1121 = EDGE_CURVE('',#1114,#1122,#1124,.T.);
#1122 = VERTEX_POINT('',#1123);
#1123 = CARTESIAN_POINT('',(9.660019050038,50.800101600203,    1.600050800102));
#1124 = CIRCLE('',#1125,0.500001270003);
#1125 = AXIS2_PLACEMENT_3D('',#1126,#1127,#1128);
#1126 = CARTESIAN_POINT('',(10.160020320041,50.800101600203,    1.600050800102));
#1127 = DIRECTION('',(0.,0.,1.));
#1128 = DIRECTION('',(1.,1.110223024625E-16,-0.));
#1129 = ORIENTED_EDGE('',*,*,#1130,.F.);
#1130 = EDGE_CURVE('',#1131,#1122,#1133,.T.);
#1131 = VERTEX_POINT('',#1132);
#1132 = CARTESIAN_POINT('',(9.660019050038,50.800101600203,0.));
#1133 = LINE('',#1134,#1135);
#1134 = CARTESIAN_POINT('',(9.660019050038,50.800101600203,0.));
#1135 = VECTOR('',#1136,1.);
#1136 = DIRECTION('',(0.,0.,1.));
#1137 = ORIENTED_EDGE('',*,*,#1138,.F.);
#1138 = EDGE_CURVE('',#1112,#1131,#1139,.T.);
#1139 = CIRCLE('',#1140,0.500001270003);
#1140 = AXIS2_PLACEMENT_3D('',#1141,#1142,#1143);
#1141 = CARTESIAN_POINT('',(10.160020320041,50.800101600203,0.));
#1142 = DIRECTION('',(0.,0.,1.));
#1143 = DIRECTION('',(1.,1.110223024625E-16,-0.));
#1144 = CYLINDRICAL_SURFACE('',#1145,0.500001270003);
#1145 = AXIS2_PLACEMENT_3D('',#1146,#1147,#1148);
#1146 = CARTESIAN_POINT('',(10.160020320041,50.800101600203,0.));
#1147 = DIRECTION('',(-0.,-0.,-1.));
#1148 = DIRECTION('',(1.,1.110223024625E-16,-0.));
#1149 = ADVANCED_FACE('',(#1150),#1168,.F.);
#1150 = FACE_BOUND('',#1151,.T.);
#1151 = EDGE_LOOP('',(#1152,#1153,#1160,#1161));
#1152 = ORIENTED_EDGE('',*,*,#1130,.T.);
#1153 = ORIENTED_EDGE('',*,*,#1154,.T.);
#1154 = EDGE_CURVE('',#1122,#1114,#1155,.T.);
#1155 = CIRCLE('',#1156,0.500001270003);
#1156 = AXIS2_PLACEMENT_3D('',#1157,#1158,#1159);
#1157 = CARTESIAN_POINT('',(10.160020320041,50.800101600203,    1.600050800102));
#1158 = DIRECTION('',(0.,0.,1.));
#1159 = DIRECTION('',(-1.,-1.110223024625E-16,0.));
#1160 = ORIENTED_EDGE('',*,*,#1111,.F.);
#1161 = ORIENTED_EDGE('',*,*,#1162,.F.);
#1162 = EDGE_CURVE('',#1131,#1112,#1163,.T.);
#1163 = CIRCLE('',#1164,0.500001270003);
#1164 = AXIS2_PLACEMENT_3D('',#1165,#1166,#1167);
#1165 = CARTESIAN_POINT('',(10.160020320041,50.800101600203,0.));
#1166 = DIRECTION('',(0.,0.,1.));
#1167 = DIRECTION('',(-1.,-1.110223024625E-16,0.));
#1168 = CYLINDRICAL_SURFACE('',#1169,0.500001270003);
#1169 = AXIS2_PLACEMENT_3D('',#1170,#1171,#1172);
#1170 = CARTESIAN_POINT('',(10.160020320041,50.800101600203,0.));
#1171 = DIRECTION('',(-0.,-0.,-1.));
#1172 = DIRECTION('',(-1.,-1.110223024625E-16,0.));
#1173 = ADVANCED_FACE('',(#1174),#1210,.F.);
#1174 = FACE_BOUND('',#1175,.T.);
#1175 = EDGE_LOOP('',(#1176,#1186,#1195,#1203));
#1176 = ORIENTED_EDGE('',*,*,#1177,.T.);
#1177 = EDGE_CURVE('',#1178,#1180,#1182,.T.);
#1178 = VERTEX_POINT('',#1179);
#1179 = CARTESIAN_POINT('',(10.660021590043,45.720091440183,0.));
#1180 = VERTEX_POINT('',#1181);
#1181 = CARTESIAN_POINT('',(10.660021590043,45.720091440183,    1.600050800102));
#1182 = LINE('',#1183,#1184);
#1183 = CARTESIAN_POINT('',(10.660021590043,45.720091440183,0.));
#1184 = VECTOR('',#1185,1.);
#1185 = DIRECTION('',(0.,0.,1.));
#1186 = ORIENTED_EDGE('',*,*,#1187,.T.);
#1187 = EDGE_CURVE('',#1180,#1188,#1190,.T.);
#1188 = VERTEX_POINT('',#1189);
#1189 = CARTESIAN_POINT('',(9.660019050038,45.720091440183,    1.600050800102));
#1190 = CIRCLE('',#1191,0.500001270003);
#1191 = AXIS2_PLACEMENT_3D('',#1192,#1193,#1194);
#1192 = CARTESIAN_POINT('',(10.160020320041,45.720091440183,    1.600050800102));
#1193 = DIRECTION('',(0.,0.,1.));
#1194 = DIRECTION('',(1.,1.110223024625E-16,-0.));
#1195 = ORIENTED_EDGE('',*,*,#1196,.F.);
#1196 = EDGE_CURVE('',#1197,#1188,#1199,.T.);
#1197 = VERTEX_POINT('',#1198);
#1198 = CARTESIAN_POINT('',(9.660019050038,45.720091440183,0.));
#1199 = LINE('',#1200,#1201);
#1200 = CARTESIAN_POINT('',(9.660019050038,45.720091440183,0.));
#1201 = VECTOR('',#1202,1.);
#1202 = DIRECTION('',(0.,0.,1.));
#1203 = ORIENTED_EDGE('',*,*,#1204,.F.);
#1204 = EDGE_CURVE('',#1178,#1197,#1205,.T.);
#1205 = CIRCLE('',#1206,0.500001270003);
#1206 = AXIS2_PLACEMENT_3D('',#1207,#1208,#1209);
#1207 = CARTESIAN_POINT('',(10.160020320041,45.720091440183,0.));
#1208 = DIRECTION('',(0.,0.,1.));
#1209 = DIRECTION('',(1.,1.110223024625E-16,-0.));
#1210 = CYLINDRICAL_SURFACE('',#1211,0.500001270003);
#1211 = AXIS2_PLACEMENT_3D('',#1212,#1213,#1214);
#1212 = CARTESIAN_POINT('',(10.160020320041,45.720091440183,0.));
#1213 = DIRECTION('',(-0.,-0.,-1.));
#1214 = DIRECTION('',(1.,1.110223024625E-16,-0.));
#1215 = ADVANCED_FACE('',(#1216),#1234,.F.);
#1216 = FACE_BOUND('',#1217,.T.);
#1217 = EDGE_LOOP('',(#1218,#1219,#1226,#1227));
#1218 = ORIENTED_EDGE('',*,*,#1196,.T.);
#1219 = ORIENTED_EDGE('',*,*,#1220,.T.);
#1220 = EDGE_CURVE('',#1188,#1180,#1221,.T.);
#1221 = CIRCLE('',#1222,0.500001270003);
#1222 = AXIS2_PLACEMENT_3D('',#1223,#1224,#1225);
#1223 = CARTESIAN_POINT('',(10.160020320041,45.720091440183,    1.600050800102));
#1224 = DIRECTION('',(0.,0.,1.));
#1225 = DIRECTION('',(-1.,-1.110223024625E-16,0.));
#1226 = ORIENTED_EDGE('',*,*,#1177,.F.);
#1227 = ORIENTED_EDGE('',*,*,#1228,.F.);
#1228 = EDGE_CURVE('',#1197,#1178,#1229,.T.);
#1229 = CIRCLE('',#1230,0.500001270003);
#1230 = AXIS2_PLACEMENT_3D('',#1231,#1232,#1233);
#1231 = CARTESIAN_POINT('',(10.160020320041,45.720091440183,0.));
#1232 = DIRECTION('',(0.,0.,1.));
#1233 = DIRECTION('',(-1.,-1.110223024625E-16,0.));
#1234 = CYLINDRICAL_SURFACE('',#1235,0.500001270003);
#1235 = AXIS2_PLACEMENT_3D('',#1236,#1237,#1238);
#1236 = CARTESIAN_POINT('',(10.160020320041,45.720091440183,0.));
#1237 = DIRECTION('',(-0.,-0.,-1.));
#1238 = DIRECTION('',(-1.,-1.110223024625E-16,0.));
#1239 = ADVANCED_FACE('',(#1240),#1276,.F.);
#1240 = FACE_BOUND('',#1241,.T.);
#1241 = EDGE_LOOP('',(#1242,#1252,#1261,#1269));
#1242 = ORIENTED_EDGE('',*,*,#1243,.T.);
#1243 = EDGE_CURVE('',#1244,#1246,#1248,.T.);
#1244 = VERTEX_POINT('',#1245);
#1245 = CARTESIAN_POINT('',(10.660021590043,43.180086360173,0.));
#1246 = VERTEX_POINT('',#1247);
#1247 = CARTESIAN_POINT('',(10.660021590043,43.180086360173,    1.600050800102));
#1248 = LINE('',#1249,#1250);
#1249 = CARTESIAN_POINT('',(10.660021590043,43.180086360173,0.));
#1250 = VECTOR('',#1251,1.);
#1251 = DIRECTION('',(0.,0.,1.));
#1252 = ORIENTED_EDGE('',*,*,#1253,.T.);
#1253 = EDGE_CURVE('',#1246,#1254,#1256,.T.);
#1254 = VERTEX_POINT('',#1255);
#1255 = CARTESIAN_POINT('',(9.660019050038,43.180086360173,    1.600050800102));
#1256 = CIRCLE('',#1257,0.500001270003);
#1257 = AXIS2_PLACEMENT_3D('',#1258,#1259,#1260);
#1258 = CARTESIAN_POINT('',(10.160020320041,43.180086360173,    1.600050800102));
#1259 = DIRECTION('',(0.,0.,1.));
#1260 = DIRECTION('',(1.,1.110223024625E-16,-0.));
#1261 = ORIENTED_EDGE('',*,*,#1262,.F.);
#1262 = EDGE_CURVE('',#1263,#1254,#1265,.T.);
#1263 = VERTEX_POINT('',#1264);
#1264 = CARTESIAN_POINT('',(9.660019050038,43.180086360173,0.));
#1265 = LINE('',#1266,#1267);
#1266 = CARTESIAN_POINT('',(9.660019050038,43.180086360173,0.));
#1267 = VECTOR('',#1268,1.);
#1268 = DIRECTION('',(0.,0.,1.));
#1269 = ORIENTED_EDGE('',*,*,#1270,.F.);
#1270 = EDGE_CURVE('',#1244,#1263,#1271,.T.);
#1271 = CIRCLE('',#1272,0.500001270003);
#1272 = AXIS2_PLACEMENT_3D('',#1273,#1274,#1275);
#1273 = CARTESIAN_POINT('',(10.160020320041,43.180086360173,0.));
#1274 = DIRECTION('',(0.,0.,1.));
#1275 = DIRECTION('',(1.,1.110223024625E-16,-0.));
#1276 = CYLINDRICAL_SURFACE('',#1277,0.500001270003);
#1277 = AXIS2_PLACEMENT_3D('',#1278,#1279,#1280);
#1278 = CARTESIAN_POINT('',(10.160020320041,43.180086360173,0.));
#1279 = DIRECTION('',(-0.,-0.,-1.));
#1280 = DIRECTION('',(1.,1.110223024625E-16,-0.));
#1281 = ADVANCED_FACE('',(#1282),#1300,.F.);
#1282 = FACE_BOUND('',#1283,.T.);
#1283 = EDGE_LOOP('',(#1284,#1285,#1292,#1293));
#1284 = ORIENTED_EDGE('',*,*,#1262,.T.);
#1285 = ORIENTED_EDGE('',*,*,#1286,.T.);
#1286 = EDGE_CURVE('',#1254,#1246,#1287,.T.);
#1287 = CIRCLE('',#1288,0.500001270003);
#1288 = AXIS2_PLACEMENT_3D('',#1289,#1290,#1291);
#1289 = CARTESIAN_POINT('',(10.160020320041,43.180086360173,    1.600050800102));
#1290 = DIRECTION('',(0.,0.,1.));
#1291 = DIRECTION('',(-1.,-1.110223024625E-16,0.));
#1292 = ORIENTED_EDGE('',*,*,#1243,.F.);
#1293 = ORIENTED_EDGE('',*,*,#1294,.F.);
#1294 = EDGE_CURVE('',#1263,#1244,#1295,.T.);
#1295 = CIRCLE('',#1296,0.500001270003);
#1296 = AXIS2_PLACEMENT_3D('',#1297,#1298,#1299);
#1297 = CARTESIAN_POINT('',(10.160020320041,43.180086360173,0.));
#1298 = DIRECTION('',(0.,0.,1.));
#1299 = DIRECTION('',(-1.,-1.110223024625E-16,0.));
#1300 = CYLINDRICAL_SURFACE('',#1301,0.500001270003);
#1301 = AXIS2_PLACEMENT_3D('',#1302,#1303,#1304);
#1302 = CARTESIAN_POINT('',(10.160020320041,43.180086360173,0.));
#1303 = DIRECTION('',(-0.,-0.,-1.));
#1304 = DIRECTION('',(-1.,-1.110223024625E-16,0.));
#1305 = ADVANCED_FACE('',(#1306),#1342,.F.);
#1306 = FACE_BOUND('',#1307,.T.);
#1307 = EDGE_LOOP('',(#1308,#1318,#1327,#1335));
#1308 = ORIENTED_EDGE('',*,*,#1309,.T.);
#1309 = EDGE_CURVE('',#1310,#1312,#1314,.T.);
#1310 = VERTEX_POINT('',#1311);
#1311 = CARTESIAN_POINT('',(10.660021590043,33.020066040132,0.));
#1312 = VERTEX_POINT('',#1313);
#1313 = CARTESIAN_POINT('',(10.660021590043,33.020066040132,    1.600050800102));
#1314 = LINE('',#1315,#1316);
#1315 = CARTESIAN_POINT('',(10.660021590043,33.020066040132,0.));
#1316 = VECTOR('',#1317,1.);
#1317 = DIRECTION('',(0.,0.,1.));
#1318 = ORIENTED_EDGE('',*,*,#1319,.T.);
#1319 = EDGE_CURVE('',#1312,#1320,#1322,.T.);
#1320 = VERTEX_POINT('',#1321);
#1321 = CARTESIAN_POINT('',(9.660019050038,33.020066040132,    1.600050800102));
#1322 = CIRCLE('',#1323,0.500001270003);
#1323 = AXIS2_PLACEMENT_3D('',#1324,#1325,#1326);
#1324 = CARTESIAN_POINT('',(10.160020320041,33.020066040132,    1.600050800102));
#1325 = DIRECTION('',(0.,0.,1.));
#1326 = DIRECTION('',(1.,1.110223024625E-16,-0.));
#1327 = ORIENTED_EDGE('',*,*,#1328,.F.);
#1328 = EDGE_CURVE('',#1329,#1320,#1331,.T.);
#1329 = VERTEX_POINT('',#1330);
#1330 = CARTESIAN_POINT('',(9.660019050038,33.020066040132,0.));
#1331 = LINE('',#1332,#1333);
#1332 = CARTESIAN_POINT('',(9.660019050038,33.020066040132,0.));
#1333 = VECTOR('',#1334,1.);
#1334 = DIRECTION('',(0.,0.,1.));
#1335 = ORIENTED_EDGE('',*,*,#1336,.F.);
#1336 = EDGE_CURVE('',#1310,#1329,#1337,.T.);
#1337 = CIRCLE('',#1338,0.500001270003);
#1338 = AXIS2_PLACEMENT_3D('',#1339,#1340,#1341);
#1339 = CARTESIAN_POINT('',(10.160020320041,33.020066040132,0.));
#1340 = DIRECTION('',(0.,0.,1.));
#1341 = DIRECTION('',(1.,1.110223024625E-16,-0.));
#1342 = CYLINDRICAL_SURFACE('',#1343,0.500001270003);
#1343 = AXIS2_PLACEMENT_3D('',#1344,#1345,#1346);
#1344 = CARTESIAN_POINT('',(10.160020320041,33.020066040132,0.));
#1345 = DIRECTION('',(-0.,-0.,-1.));
#1346 = DIRECTION('',(1.,1.110223024625E-16,-0.));
#1347 = ADVANCED_FACE('',(#1348),#1366,.F.);
#1348 = FACE_BOUND('',#1349,.T.);
#1349 = EDGE_LOOP('',(#1350,#1351,#1358,#1359));
#1350 = ORIENTED_EDGE('',*,*,#1328,.T.);
#1351 = ORIENTED_EDGE('',*,*,#1352,.T.);
#1352 = EDGE_CURVE('',#1320,#1312,#1353,.T.);
#1353 = CIRCLE('',#1354,0.500001270003);
#1354 = AXIS2_PLACEMENT_3D('',#1355,#1356,#1357);
#1355 = CARTESIAN_POINT('',(10.160020320041,33.020066040132,    1.600050800102));
#1356 = DIRECTION('',(0.,0.,1.));
#1357 = DIRECTION('',(-1.,-1.110223024625E-16,0.));
#1358 = ORIENTED_EDGE('',*,*,#1309,.F.);
#1359 = ORIENTED_EDGE('',*,*,#1360,.F.);
#1360 = EDGE_CURVE('',#1329,#1310,#1361,.T.);
#1361 = CIRCLE('',#1362,0.500001270003);
#1362 = AXIS2_PLACEMENT_3D('',#1363,#1364,#1365);
#1363 = CARTESIAN_POINT('',(10.160020320041,33.020066040132,0.));
#1364 = DIRECTION('',(0.,0.,1.));
#1365 = DIRECTION('',(-1.,-1.110223024625E-16,0.));
#1366 = CYLINDRICAL_SURFACE('',#1367,0.500001270003);
#1367 = AXIS2_PLACEMENT_3D('',#1368,#1369,#1370);
#1368 = CARTESIAN_POINT('',(10.160020320041,33.020066040132,0.));
#1369 = DIRECTION('',(-0.,-0.,-1.));
#1370 = DIRECTION('',(-1.,-1.110223024625E-16,0.));
#1371 = ADVANCED_FACE('',(#1372),#1408,.F.);
#1372 = FACE_BOUND('',#1373,.T.);
#1373 = EDGE_LOOP('',(#1374,#1384,#1393,#1401));
#1374 = ORIENTED_EDGE('',*,*,#1375,.T.);
#1375 = EDGE_CURVE('',#1376,#1378,#1380,.T.);
#1376 = VERTEX_POINT('',#1377);
#1377 = CARTESIAN_POINT('',(10.660021590043,27.940055880112,0.));
#1378 = VERTEX_POINT('',#1379);
#1379 = CARTESIAN_POINT('',(10.660021590043,27.940055880112,    1.600050800102));
#1380 = LINE('',#1381,#1382);
#1381 = CARTESIAN_POINT('',(10.660021590043,27.940055880112,0.));
#1382 = VECTOR('',#1383,1.);
#1383 = DIRECTION('',(0.,0.,1.));
#1384 = ORIENTED_EDGE('',*,*,#1385,.T.);
#1385 = EDGE_CURVE('',#1378,#1386,#1388,.T.);
#1386 = VERTEX_POINT('',#1387);
#1387 = CARTESIAN_POINT('',(9.660019050038,27.940055880112,    1.600050800102));
#1388 = CIRCLE('',#1389,0.500001270003);
#1389 = AXIS2_PLACEMENT_3D('',#1390,#1391,#1392);
#1390 = CARTESIAN_POINT('',(10.160020320041,27.940055880112,    1.600050800102));
#1391 = DIRECTION('',(0.,0.,1.));
#1392 = DIRECTION('',(1.,1.110223024625E-16,-0.));
#1393 = ORIENTED_EDGE('',*,*,#1394,.F.);
#1394 = EDGE_CURVE('',#1395,#1386,#1397,.T.);
#1395 = VERTEX_POINT('',#1396);
#1396 = CARTESIAN_POINT('',(9.660019050038,27.940055880112,0.));
#1397 = LINE('',#1398,#1399);
#1398 = CARTESIAN_POINT('',(9.660019050038,27.940055880112,0.));
#1399 = VECTOR('',#1400,1.);
#1400 = DIRECTION('',(0.,0.,1.));
#1401 = ORIENTED_EDGE('',*,*,#1402,.F.);
#1402 = EDGE_CURVE('',#1376,#1395,#1403,.T.);
#1403 = CIRCLE('',#1404,0.500001270003);
#1404 = AXIS2_PLACEMENT_3D('',#1405,#1406,#1407);
#1405 = CARTESIAN_POINT('',(10.160020320041,27.940055880112,0.));
#1406 = DIRECTION('',(0.,0.,1.));
#1407 = DIRECTION('',(1.,1.110223024625E-16,-0.));
#1408 = CYLINDRICAL_SURFACE('',#1409,0.500001270003);
#1409 = AXIS2_PLACEMENT_3D('',#1410,#1411,#1412);
#1410 = CARTESIAN_POINT('',(10.160020320041,27.940055880112,0.));
#1411 = DIRECTION('',(-0.,-0.,-1.));
#1412 = DIRECTION('',(1.,1.110223024625E-16,-0.));
#1413 = ADVANCED_FACE('',(#1414),#1432,.F.);
#1414 = FACE_BOUND('',#1415,.T.);
#1415 = EDGE_LOOP('',(#1416,#1417,#1424,#1425));
#1416 = ORIENTED_EDGE('',*,*,#1394,.T.);
#1417 = ORIENTED_EDGE('',*,*,#1418,.T.);
#1418 = EDGE_CURVE('',#1386,#1378,#1419,.T.);
#1419 = CIRCLE('',#1420,0.500001270003);
#1420 = AXIS2_PLACEMENT_3D('',#1421,#1422,#1423);
#1421 = CARTESIAN_POINT('',(10.160020320041,27.940055880112,    1.600050800102));
#1422 = DIRECTION('',(0.,0.,1.));
#1423 = DIRECTION('',(-1.,-1.110223024625E-16,0.));
#1424 = ORIENTED_EDGE('',*,*,#1375,.F.);
#1425 = ORIENTED_EDGE('',*,*,#1426,.F.);
#1426 = EDGE_CURVE('',#1395,#1376,#1427,.T.);
#1427 = CIRCLE('',#1428,0.500001270003);
#1428 = AXIS2_PLACEMENT_3D('',#1429,#1430,#1431);
#1429 = CARTESIAN_POINT('',(10.160020320041,27.940055880112,0.));
#1430 = DIRECTION('',(0.,0.,1.));
#1431 = DIRECTION('',(-1.,-1.110223024625E-16,0.));
#1432 = CYLINDRICAL_SURFACE('',#1433,0.500001270003);
#1433 = AXIS2_PLACEMENT_3D('',#1434,#1435,#1436);
#1434 = CARTESIAN_POINT('',(10.160020320041,27.940055880112,0.));
#1435 = DIRECTION('',(-0.,-0.,-1.));
#1436 = DIRECTION('',(-1.,-1.110223024625E-16,0.));
#1437 = ADVANCED_FACE('',(#1438),#1474,.F.);
#1438 = FACE_BOUND('',#1439,.T.);
#1439 = EDGE_LOOP('',(#1440,#1450,#1459,#1467));
#1440 = ORIENTED_EDGE('',*,*,#1441,.T.);
#1441 = EDGE_CURVE('',#1442,#1444,#1446,.T.);
#1442 = VERTEX_POINT('',#1443);
#1443 = CARTESIAN_POINT('',(10.660021590043,30.480060960122,0.));
#1444 = VERTEX_POINT('',#1445);
#1445 = CARTESIAN_POINT('',(10.660021590043,30.480060960122,    1.600050800102));
#1446 = LINE('',#1447,#1448);
#1447 = CARTESIAN_POINT('',(10.660021590043,30.480060960122,0.));
#1448 = VECTOR('',#1449,1.);
#1449 = DIRECTION('',(0.,0.,1.));
#1450 = ORIENTED_EDGE('',*,*,#1451,.T.);
#1451 = EDGE_CURVE('',#1444,#1452,#1454,.T.);
#1452 = VERTEX_POINT('',#1453);
#1453 = CARTESIAN_POINT('',(9.660019050038,30.480060960122,    1.600050800102));
#1454 = CIRCLE('',#1455,0.500001270003);
#1455 = AXIS2_PLACEMENT_3D('',#1456,#1457,#1458);
#1456 = CARTESIAN_POINT('',(10.160020320041,30.480060960122,    1.600050800102));
#1457 = DIRECTION('',(0.,0.,1.));
#1458 = DIRECTION('',(1.,1.110223024625E-16,-0.));
#1459 = ORIENTED_EDGE('',*,*,#1460,.F.);
#1460 = EDGE_CURVE('',#1461,#1452,#1463,.T.);
#1461 = VERTEX_POINT('',#1462);
#1462 = CARTESIAN_POINT('',(9.660019050038,30.480060960122,0.));
#1463 = LINE('',#1464,#1465);
#1464 = CARTESIAN_POINT('',(9.660019050038,30.480060960122,0.));
#1465 = VECTOR('',#1466,1.);
#1466 = DIRECTION('',(0.,0.,1.));
#1467 = ORIENTED_EDGE('',*,*,#1468,.F.);
#1468 = EDGE_CURVE('',#1442,#1461,#1469,.T.);
#1469 = CIRCLE('',#1470,0.500001270003);
#1470 = AXIS2_PLACEMENT_3D('',#1471,#1472,#1473);
#1471 = CARTESIAN_POINT('',(10.160020320041,30.480060960122,0.));
#1472 = DIRECTION('',(0.,0.,1.));
#1473 = DIRECTION('',(1.,1.110223024625E-16,-0.));
#1474 = CYLINDRICAL_SURFACE('',#1475,0.500001270003);
#1475 = AXIS2_PLACEMENT_3D('',#1476,#1477,#1478);
#1476 = CARTESIAN_POINT('',(10.160020320041,30.480060960122,0.));
#1477 = DIRECTION('',(-0.,-0.,-1.));
#1478 = DIRECTION('',(1.,1.110223024625E-16,-0.));
#1479 = ADVANCED_FACE('',(#1480),#1498,.F.);
#1480 = FACE_BOUND('',#1481,.T.);
#1481 = EDGE_LOOP('',(#1482,#1483,#1490,#1491));
#1482 = ORIENTED_EDGE('',*,*,#1460,.T.);
#1483 = ORIENTED_EDGE('',*,*,#1484,.T.);
#1484 = EDGE_CURVE('',#1452,#1444,#1485,.T.);
#1485 = CIRCLE('',#1486,0.500001270003);
#1486 = AXIS2_PLACEMENT_3D('',#1487,#1488,#1489);
#1487 = CARTESIAN_POINT('',(10.160020320041,30.480060960122,    1.600050800102));
#1488 = DIRECTION('',(0.,0.,1.));
#1489 = DIRECTION('',(-1.,-1.110223024625E-16,0.));
#1490 = ORIENTED_EDGE('',*,*,#1441,.F.);
#1491 = ORIENTED_EDGE('',*,*,#1492,.F.);
#1492 = EDGE_CURVE('',#1461,#1442,#1493,.T.);
#1493 = CIRCLE('',#1494,0.500001270003);
#1494 = AXIS2_PLACEMENT_3D('',#1495,#1496,#1497);
#1495 = CARTESIAN_POINT('',(10.160020320041,30.480060960122,0.));
#1496 = DIRECTION('',(0.,0.,1.));
#1497 = DIRECTION('',(-1.,-1.110223024625E-16,0.));
#1498 = CYLINDRICAL_SURFACE('',#1499,0.500001270003);
#1499 = AXIS2_PLACEMENT_3D('',#1500,#1501,#1502);
#1500 = CARTESIAN_POINT('',(10.160020320041,30.480060960122,0.));
#1501 = DIRECTION('',(-0.,-0.,-1.));
#1502 = DIRECTION('',(-1.,-1.110223024625E-16,0.));
#1503 = ADVANCED_FACE('',(#1504),#1540,.F.);
#1504 = FACE_BOUND('',#1505,.T.);
#1505 = EDGE_LOOP('',(#1506,#1516,#1525,#1533));
#1506 = ORIENTED_EDGE('',*,*,#1507,.T.);
#1507 = EDGE_CURVE('',#1508,#1510,#1512,.T.);
#1508 = VERTEX_POINT('',#1509);
#1509 = CARTESIAN_POINT('',(10.660021590043,22.860045720091,0.));
#1510 = VERTEX_POINT('',#1511);
#1511 = CARTESIAN_POINT('',(10.660021590043,22.860045720091,    1.600050800102));
#1512 = LINE('',#1513,#1514);
#1513 = CARTESIAN_POINT('',(10.660021590043,22.860045720091,0.));
#1514 = VECTOR('',#1515,1.);
#1515 = DIRECTION('',(0.,0.,1.));
#1516 = ORIENTED_EDGE('',*,*,#1517,.T.);
#1517 = EDGE_CURVE('',#1510,#1518,#1520,.T.);
#1518 = VERTEX_POINT('',#1519);
#1519 = CARTESIAN_POINT('',(9.660019050038,22.860045720091,    1.600050800102));
#1520 = CIRCLE('',#1521,0.500001270003);
#1521 = AXIS2_PLACEMENT_3D('',#1522,#1523,#1524);
#1522 = CARTESIAN_POINT('',(10.160020320041,22.860045720091,    1.600050800102));
#1523 = DIRECTION('',(0.,0.,1.));
#1524 = DIRECTION('',(1.,1.110223024625E-16,-0.));
#1525 = ORIENTED_EDGE('',*,*,#1526,.F.);
#1526 = EDGE_CURVE('',#1527,#1518,#1529,.T.);
#1527 = VERTEX_POINT('',#1528);
#1528 = CARTESIAN_POINT('',(9.660019050038,22.860045720091,0.));
#1529 = LINE('',#1530,#1531);
#1530 = CARTESIAN_POINT('',(9.660019050038,22.860045720091,0.));
#1531 = VECTOR('',#1532,1.);
#1532 = DIRECTION('',(0.,0.,1.));
#1533 = ORIENTED_EDGE('',*,*,#1534,.F.);
#1534 = EDGE_CURVE('',#1508,#1527,#1535,.T.);
#1535 = CIRCLE('',#1536,0.500001270003);
#1536 = AXIS2_PLACEMENT_3D('',#1537,#1538,#1539);
#1537 = CARTESIAN_POINT('',(10.160020320041,22.860045720091,0.));
#1538 = DIRECTION('',(0.,0.,1.));
#1539 = DIRECTION('',(1.,1.110223024625E-16,-0.));
#1540 = CYLINDRICAL_SURFACE('',#1541,0.500001270003);
#1541 = AXIS2_PLACEMENT_3D('',#1542,#1543,#1544);
#1542 = CARTESIAN_POINT('',(10.160020320041,22.860045720091,0.));
#1543 = DIRECTION('',(-0.,-0.,-1.));
#1544 = DIRECTION('',(1.,1.110223024625E-16,-0.));
#1545 = ADVANCED_FACE('',(#1546),#1564,.F.);
#1546 = FACE_BOUND('',#1547,.T.);
#1547 = EDGE_LOOP('',(#1548,#1549,#1556,#1557));
#1548 = ORIENTED_EDGE('',*,*,#1526,.T.);
#1549 = ORIENTED_EDGE('',*,*,#1550,.T.);
#1550 = EDGE_CURVE('',#1518,#1510,#1551,.T.);
#1551 = CIRCLE('',#1552,0.500001270003);
#1552 = AXIS2_PLACEMENT_3D('',#1553,#1554,#1555);
#1553 = CARTESIAN_POINT('',(10.160020320041,22.860045720091,    1.600050800102));
#1554 = DIRECTION('',(0.,0.,1.));
#1555 = DIRECTION('',(-1.,-1.110223024625E-16,0.));
#1556 = ORIENTED_EDGE('',*,*,#1507,.F.);
#1557 = ORIENTED_EDGE('',*,*,#1558,.F.);
#1558 = EDGE_CURVE('',#1527,#1508,#1559,.T.);
#1559 = CIRCLE('',#1560,0.500001270003);
#1560 = AXIS2_PLACEMENT_3D('',#1561,#1562,#1563);
#1561 = CARTESIAN_POINT('',(10.160020320041,22.860045720091,0.));
#1562 = DIRECTION('',(0.,0.,1.));
#1563 = DIRECTION('',(-1.,-1.110223024625E-16,0.));
#1564 = CYLINDRICAL_SURFACE('',#1565,0.500001270003);
#1565 = AXIS2_PLACEMENT_3D('',#1566,#1567,#1568);
#1566 = CARTESIAN_POINT('',(10.160020320041,22.860045720091,0.));
#1567 = DIRECTION('',(-0.,-0.,-1.));
#1568 = DIRECTION('',(-1.,-1.110223024625E-16,0.));
#1569 = ADVANCED_FACE('',(#1570),#1606,.F.);
#1570 = FACE_BOUND('',#1571,.T.);
#1571 = EDGE_LOOP('',(#1572,#1582,#1591,#1599));
#1572 = ORIENTED_EDGE('',*,*,#1573,.T.);
#1573 = EDGE_CURVE('',#1574,#1576,#1578,.T.);
#1574 = VERTEX_POINT('',#1575);
#1575 = CARTESIAN_POINT('',(10.660021590043,25.400050800102,0.));
#1576 = VERTEX_POINT('',#1577);
#1577 = CARTESIAN_POINT('',(10.660021590043,25.400050800102,    1.600050800102));
#1578 = LINE('',#1579,#1580);
#1579 = CARTESIAN_POINT('',(10.660021590043,25.400050800102,0.));
#1580 = VECTOR('',#1581,1.);
#1581 = DIRECTION('',(0.,0.,1.));
#1582 = ORIENTED_EDGE('',*,*,#1583,.T.);
#1583 = EDGE_CURVE('',#1576,#1584,#1586,.T.);
#1584 = VERTEX_POINT('',#1585);
#1585 = CARTESIAN_POINT('',(9.660019050038,25.400050800102,    1.600050800102));
#1586 = CIRCLE('',#1587,0.500001270003);
#1587 = AXIS2_PLACEMENT_3D('',#1588,#1589,#1590);
#1588 = CARTESIAN_POINT('',(10.160020320041,25.400050800102,    1.600050800102));
#1589 = DIRECTION('',(0.,0.,1.));
#1590 = DIRECTION('',(1.,1.110223024625E-16,-0.));
#1591 = ORIENTED_EDGE('',*,*,#1592,.F.);
#1592 = EDGE_CURVE('',#1593,#1584,#1595,.T.);
#1593 = VERTEX_POINT('',#1594);
#1594 = CARTESIAN_POINT('',(9.660019050038,25.400050800102,0.));
#1595 = LINE('',#1596,#1597);
#1596 = CARTESIAN_POINT('',(9.660019050038,25.400050800102,0.));
#1597 = VECTOR('',#1598,1.);
#1598 = DIRECTION('',(0.,0.,1.));
#1599 = ORIENTED_EDGE('',*,*,#1600,.F.);
#1600 = EDGE_CURVE('',#1574,#1593,#1601,.T.);
#1601 = CIRCLE('',#1602,0.500001270003);
#1602 = AXIS2_PLACEMENT_3D('',#1603,#1604,#1605);
#1603 = CARTESIAN_POINT('',(10.160020320041,25.400050800102,0.));
#1604 = DIRECTION('',(0.,0.,1.));
#1605 = DIRECTION('',(1.,1.110223024625E-16,-0.));
#1606 = CYLINDRICAL_SURFACE('',#1607,0.500001270003);
#1607 = AXIS2_PLACEMENT_3D('',#1608,#1609,#1610);
#1608 = CARTESIAN_POINT('',(10.160020320041,25.400050800102,0.));
#1609 = DIRECTION('',(-0.,-0.,-1.));
#1610 = DIRECTION('',(1.,1.110223024625E-16,-0.));
#1611 = ADVANCED_FACE('',(#1612),#1630,.F.);
#1612 = FACE_BOUND('',#1613,.T.);
#1613 = EDGE_LOOP('',(#1614,#1615,#1622,#1623));
#1614 = ORIENTED_EDGE('',*,*,#1592,.T.);
#1615 = ORIENTED_EDGE('',*,*,#1616,.T.);
#1616 = EDGE_CURVE('',#1584,#1576,#1617,.T.);
#1617 = CIRCLE('',#1618,0.500001270003);
#1618 = AXIS2_PLACEMENT_3D('',#1619,#1620,#1621);
#1619 = CARTESIAN_POINT('',(10.160020320041,25.400050800102,    1.600050800102));
#1620 = DIRECTION('',(0.,0.,1.));
#1621 = DIRECTION('',(-1.,-1.110223024625E-16,0.));
#1622 = ORIENTED_EDGE('',*,*,#1573,.F.);
#1623 = ORIENTED_EDGE('',*,*,#1624,.F.);
#1624 = EDGE_CURVE('',#1593,#1574,#1625,.T.);
#1625 = CIRCLE('',#1626,0.500001270003);
#1626 = AXIS2_PLACEMENT_3D('',#1627,#1628,#1629);
#1627 = CARTESIAN_POINT('',(10.160020320041,25.400050800102,0.));
#1628 = DIRECTION('',(0.,0.,1.));
#1629 = DIRECTION('',(-1.,-1.110223024625E-16,0.));
#1630 = CYLINDRICAL_SURFACE('',#1631,0.500001270003);
#1631 = AXIS2_PLACEMENT_3D('',#1632,#1633,#1634);
#1632 = CARTESIAN_POINT('',(10.160020320041,25.400050800102,0.));
#1633 = DIRECTION('',(-0.,-0.,-1.));
#1634 = DIRECTION('',(-1.,-1.110223024625E-16,0.));
#1635 = ADVANCED_FACE('',(#1636),#1672,.F.);
#1636 = FACE_BOUND('',#1637,.T.);
#1637 = EDGE_LOOP('',(#1638,#1648,#1657,#1665));
#1638 = ORIENTED_EDGE('',*,*,#1639,.T.);
#1639 = EDGE_CURVE('',#1640,#1642,#1644,.T.);
#1640 = VERTEX_POINT('',#1641);
#1641 = CARTESIAN_POINT('',(10.660021590043,17.780035560071,0.));
#1642 = VERTEX_POINT('',#1643);
#1643 = CARTESIAN_POINT('',(10.660021590043,17.780035560071,    1.600050800102));
#1644 = LINE('',#1645,#1646);
#1645 = CARTESIAN_POINT('',(10.660021590043,17.780035560071,0.));
#1646 = VECTOR('',#1647,1.);
#1647 = DIRECTION('',(0.,0.,1.));
#1648 = ORIENTED_EDGE('',*,*,#1649,.T.);
#1649 = EDGE_CURVE('',#1642,#1650,#1652,.T.);
#1650 = VERTEX_POINT('',#1651);
#1651 = CARTESIAN_POINT('',(9.660019050038,17.780035560071,    1.600050800102));
#1652 = CIRCLE('',#1653,0.500001270003);
#1653 = AXIS2_PLACEMENT_3D('',#1654,#1655,#1656);
#1654 = CARTESIAN_POINT('',(10.160020320041,17.780035560071,    1.600050800102));
#1655 = DIRECTION('',(0.,0.,1.));
#1656 = DIRECTION('',(1.,1.110223024625E-16,-0.));
#1657 = ORIENTED_EDGE('',*,*,#1658,.F.);
#1658 = EDGE_CURVE('',#1659,#1650,#1661,.T.);
#1659 = VERTEX_POINT('',#1660);
#1660 = CARTESIAN_POINT('',(9.660019050038,17.780035560071,0.));
#1661 = LINE('',#1662,#1663);
#1662 = CARTESIAN_POINT('',(9.660019050038,17.780035560071,0.));
#1663 = VECTOR('',#1664,1.);
#1664 = DIRECTION('',(0.,0.,1.));
#1665 = ORIENTED_EDGE('',*,*,#1666,.F.);
#1666 = EDGE_CURVE('',#1640,#1659,#1667,.T.);
#1667 = CIRCLE('',#1668,0.500001270003);
#1668 = AXIS2_PLACEMENT_3D('',#1669,#1670,#1671);
#1669 = CARTESIAN_POINT('',(10.160020320041,17.780035560071,0.));
#1670 = DIRECTION('',(0.,0.,1.));
#1671 = DIRECTION('',(1.,1.110223024625E-16,-0.));
#1672 = CYLINDRICAL_SURFACE('',#1673,0.500001270003);
#1673 = AXIS2_PLACEMENT_3D('',#1674,#1675,#1676);
#1674 = CARTESIAN_POINT('',(10.160020320041,17.780035560071,0.));
#1675 = DIRECTION('',(-0.,-0.,-1.));
#1676 = DIRECTION('',(1.,1.110223024625E-16,-0.));
#1677 = ADVANCED_FACE('',(#1678),#1696,.F.);
#1678 = FACE_BOUND('',#1679,.T.);
#1679 = EDGE_LOOP('',(#1680,#1681,#1688,#1689));
#1680 = ORIENTED_EDGE('',*,*,#1658,.T.);
#1681 = ORIENTED_EDGE('',*,*,#1682,.T.);
#1682 = EDGE_CURVE('',#1650,#1642,#1683,.T.);
#1683 = CIRCLE('',#1684,0.500001270003);
#1684 = AXIS2_PLACEMENT_3D('',#1685,#1686,#1687);
#1685 = CARTESIAN_POINT('',(10.160020320041,17.780035560071,    1.600050800102));
#1686 = DIRECTION('',(0.,0.,1.));
#1687 = DIRECTION('',(-1.,-1.110223024625E-16,0.));
#1688 = ORIENTED_EDGE('',*,*,#1639,.F.);
#1689 = ORIENTED_EDGE('',*,*,#1690,.F.);
#1690 = EDGE_CURVE('',#1659,#1640,#1691,.T.);
#1691 = CIRCLE('',#1692,0.500001270003);
#1692 = AXIS2_PLACEMENT_3D('',#1693,#1694,#1695);
#1693 = CARTESIAN_POINT('',(10.160020320041,17.780035560071,0.));
#1694 = DIRECTION('',(0.,0.,1.));
#1695 = DIRECTION('',(-1.,-1.110223024625E-16,0.));
#1696 = CYLINDRICAL_SURFACE('',#1697,0.500001270003);
#1697 = AXIS2_PLACEMENT_3D('',#1698,#1699,#1700);
#1698 = CARTESIAN_POINT('',(10.160020320041,17.780035560071,0.));
#1699 = DIRECTION('',(-0.,-0.,-1.));
#1700 = DIRECTION('',(-1.,-1.110223024625E-16,0.));
#1701 = ADVANCED_FACE('',(#1702),#1738,.F.);
#1702 = FACE_BOUND('',#1703,.T.);
#1703 = EDGE_LOOP('',(#1704,#1714,#1723,#1731));
#1704 = ORIENTED_EDGE('',*,*,#1705,.T.);
#1705 = EDGE_CURVE('',#1706,#1708,#1710,.T.);
#1706 = VERTEX_POINT('',#1707);
#1707 = CARTESIAN_POINT('',(10.660021590043,20.320040640081,0.));
#1708 = VERTEX_POINT('',#1709);
#1709 = CARTESIAN_POINT('',(10.660021590043,20.320040640081,    1.600050800102));
#1710 = LINE('',#1711,#1712);
#1711 = CARTESIAN_POINT('',(10.660021590043,20.320040640081,0.));
#1712 = VECTOR('',#1713,1.);
#1713 = DIRECTION('',(0.,0.,1.));
#1714 = ORIENTED_EDGE('',*,*,#1715,.T.);
#1715 = EDGE_CURVE('',#1708,#1716,#1718,.T.);
#1716 = VERTEX_POINT('',#1717);
#1717 = CARTESIAN_POINT('',(9.660019050038,20.320040640081,    1.600050800102));
#1718 = CIRCLE('',#1719,0.500001270003);
#1719 = AXIS2_PLACEMENT_3D('',#1720,#1721,#1722);
#1720 = CARTESIAN_POINT('',(10.160020320041,20.320040640081,    1.600050800102));
#1721 = DIRECTION('',(0.,0.,1.));
#1722 = DIRECTION('',(1.,1.110223024625E-16,-0.));
#1723 = ORIENTED_EDGE('',*,*,#1724,.F.);
#1724 = EDGE_CURVE('',#1725,#1716,#1727,.T.);
#1725 = VERTEX_POINT('',#1726);
#1726 = CARTESIAN_POINT('',(9.660019050038,20.320040640081,0.));
#1727 = LINE('',#1728,#1729);
#1728 = CARTESIAN_POINT('',(9.660019050038,20.320040640081,0.));
#1729 = VECTOR('',#1730,1.);
#1730 = DIRECTION('',(0.,0.,1.));
#1731 = ORIENTED_EDGE('',*,*,#1732,.F.);
#1732 = EDGE_CURVE('',#1706,#1725,#1733,.T.);
#1733 = CIRCLE('',#1734,0.500001270003);
#1734 = AXIS2_PLACEMENT_3D('',#1735,#1736,#1737);
#1735 = CARTESIAN_POINT('',(10.160020320041,20.320040640081,0.));
#1736 = DIRECTION('',(0.,0.,1.));
#1737 = DIRECTION('',(1.,1.110223024625E-16,-0.));
#1738 = CYLINDRICAL_SURFACE('',#1739,0.500001270003);
#1739 = AXIS2_PLACEMENT_3D('',#1740,#1741,#1742);
#1740 = CARTESIAN_POINT('',(10.160020320041,20.320040640081,0.));
#1741 = DIRECTION('',(-0.,-0.,-1.));
#1742 = DIRECTION('',(1.,1.110223024625E-16,-0.));
#1743 = ADVANCED_FACE('',(#1744),#1762,.F.);
#1744 = FACE_BOUND('',#1745,.T.);
#1745 = EDGE_LOOP('',(#1746,#1747,#1754,#1755));
#1746 = ORIENTED_EDGE('',*,*,#1724,.T.);
#1747 = ORIENTED_EDGE('',*,*,#1748,.T.);
#1748 = EDGE_CURVE('',#1716,#1708,#1749,.T.);
#1749 = CIRCLE('',#1750,0.500001270003);
#1750 = AXIS2_PLACEMENT_3D('',#1751,#1752,#1753);
#1751 = CARTESIAN_POINT('',(10.160020320041,20.320040640081,    1.600050800102));
#1752 = DIRECTION('',(0.,0.,1.));
#1753 = DIRECTION('',(-1.,-1.110223024625E-16,0.));
#1754 = ORIENTED_EDGE('',*,*,#1705,.F.);
#1755 = ORIENTED_EDGE('',*,*,#1756,.F.);
#1756 = EDGE_CURVE('',#1725,#1706,#1757,.T.);
#1757 = CIRCLE('',#1758,0.500001270003);
#1758 = AXIS2_PLACEMENT_3D('',#1759,#1760,#1761);
#1759 = CARTESIAN_POINT('',(10.160020320041,20.320040640081,0.));
#1760 = DIRECTION('',(0.,0.,1.));
#1761 = DIRECTION('',(-1.,-1.110223024625E-16,0.));
#1762 = CYLINDRICAL_SURFACE('',#1763,0.500001270003);
#1763 = AXIS2_PLACEMENT_3D('',#1764,#1765,#1766);
#1764 = CARTESIAN_POINT('',(10.160020320041,20.320040640081,0.));
#1765 = DIRECTION('',(-0.,-0.,-1.));
#1766 = DIRECTION('',(-1.,-1.110223024625E-16,0.));
#1767 = ADVANCED_FACE('',(#1768),#1804,.F.);
#1768 = FACE_BOUND('',#1769,.T.);
#1769 = EDGE_LOOP('',(#1770,#1780,#1789,#1797));
#1770 = ORIENTED_EDGE('',*,*,#1771,.T.);
#1771 = EDGE_CURVE('',#1772,#1774,#1776,.T.);
#1772 = VERTEX_POINT('',#1773);
#1773 = CARTESIAN_POINT('',(10.660021590043,15.240030480061,0.));
#1774 = VERTEX_POINT('',#1775);
#1775 = CARTESIAN_POINT('',(10.660021590043,15.240030480061,    1.600050800102));
#1776 = LINE('',#1777,#1778);
#1777 = CARTESIAN_POINT('',(10.660021590043,15.240030480061,0.));
#1778 = VECTOR('',#1779,1.);
#1779 = DIRECTION('',(0.,0.,1.));
#1780 = ORIENTED_EDGE('',*,*,#1781,.T.);
#1781 = EDGE_CURVE('',#1774,#1782,#1784,.T.);
#1782 = VERTEX_POINT('',#1783);
#1783 = CARTESIAN_POINT('',(9.660019050038,15.240030480061,    1.600050800102));
#1784 = CIRCLE('',#1785,0.500001270003);
#1785 = AXIS2_PLACEMENT_3D('',#1786,#1787,#1788);
#1786 = CARTESIAN_POINT('',(10.160020320041,15.240030480061,    1.600050800102));
#1787 = DIRECTION('',(0.,0.,1.));
#1788 = DIRECTION('',(1.,1.110223024625E-16,-0.));
#1789 = ORIENTED_EDGE('',*,*,#1790,.F.);
#1790 = EDGE_CURVE('',#1791,#1782,#1793,.T.);
#1791 = VERTEX_POINT('',#1792);
#1792 = CARTESIAN_POINT('',(9.660019050038,15.240030480061,0.));
#1793 = LINE('',#1794,#1795);
#1794 = CARTESIAN_POINT('',(9.660019050038,15.240030480061,0.));
#1795 = VECTOR('',#1796,1.);
#1796 = DIRECTION('',(0.,0.,1.));
#1797 = ORIENTED_EDGE('',*,*,#1798,.F.);
#1798 = EDGE_CURVE('',#1772,#1791,#1799,.T.);
#1799 = CIRCLE('',#1800,0.500001270003);
#1800 = AXIS2_PLACEMENT_3D('',#1801,#1802,#1803);
#1801 = CARTESIAN_POINT('',(10.160020320041,15.240030480061,0.));
#1802 = DIRECTION('',(0.,0.,1.));
#1803 = DIRECTION('',(1.,1.110223024625E-16,-0.));
#1804 = CYLINDRICAL_SURFACE('',#1805,0.500001270003);
#1805 = AXIS2_PLACEMENT_3D('',#1806,#1807,#1808);
#1806 = CARTESIAN_POINT('',(10.160020320041,15.240030480061,0.));
#1807 = DIRECTION('',(-0.,-0.,-1.));
#1808 = DIRECTION('',(1.,1.110223024625E-16,-0.));
#1809 = ADVANCED_FACE('',(#1810),#1828,.F.);
#1810 = FACE_BOUND('',#1811,.T.);
#1811 = EDGE_LOOP('',(#1812,#1813,#1820,#1821));
#1812 = ORIENTED_EDGE('',*,*,#1790,.T.);
#1813 = ORIENTED_EDGE('',*,*,#1814,.T.);
#1814 = EDGE_CURVE('',#1782,#1774,#1815,.T.);
#1815 = CIRCLE('',#1816,0.500001270003);
#1816 = AXIS2_PLACEMENT_3D('',#1817,#1818,#1819);
#1817 = CARTESIAN_POINT('',(10.160020320041,15.240030480061,    1.600050800102));
#1818 = DIRECTION('',(0.,0.,1.));
#1819 = DIRECTION('',(-1.,-1.110223024625E-16,0.));
#1820 = ORIENTED_EDGE('',*,*,#1771,.F.);
#1821 = ORIENTED_EDGE('',*,*,#1822,.F.);
#1822 = EDGE_CURVE('',#1791,#1772,#1823,.T.);
#1823 = CIRCLE('',#1824,0.500001270003);
#1824 = AXIS2_PLACEMENT_3D('',#1825,#1826,#1827);
#1825 = CARTESIAN_POINT('',(10.160020320041,15.240030480061,0.));
#1826 = DIRECTION('',(0.,0.,1.));
#1827 = DIRECTION('',(-1.,-1.110223024625E-16,0.));
#1828 = CYLINDRICAL_SURFACE('',#1829,0.500001270003);
#1829 = AXIS2_PLACEMENT_3D('',#1830,#1831,#1832);
#1830 = CARTESIAN_POINT('',(10.160020320041,15.240030480061,0.));
#1831 = DIRECTION('',(-0.,-0.,-1.));
#1832 = DIRECTION('',(-1.,-1.110223024625E-16,0.));
#1833 = ADVANCED_FACE('',(#1834),#1870,.F.);
#1834 = FACE_BOUND('',#1835,.T.);
#1835 = EDGE_LOOP('',(#1836,#1846,#1855,#1863));
#1836 = ORIENTED_EDGE('',*,*,#1837,.T.);
#1837 = EDGE_CURVE('',#1838,#1840,#1842,.T.);
#1838 = VERTEX_POINT('',#1839);
#1839 = CARTESIAN_POINT('',(10.660021590043,12.700025400051,0.));
#1840 = VERTEX_POINT('',#1841);
#1841 = CARTESIAN_POINT('',(10.660021590043,12.700025400051,    1.600050800102));
#1842 = LINE('',#1843,#1844);
#1843 = CARTESIAN_POINT('',(10.660021590043,12.700025400051,0.));
#1844 = VECTOR('',#1845,1.);
#1845 = DIRECTION('',(0.,0.,1.));
#1846 = ORIENTED_EDGE('',*,*,#1847,.T.);
#1847 = EDGE_CURVE('',#1840,#1848,#1850,.T.);
#1848 = VERTEX_POINT('',#1849);
#1849 = CARTESIAN_POINT('',(9.660019050038,12.700025400051,    1.600050800102));
#1850 = CIRCLE('',#1851,0.500001270003);
#1851 = AXIS2_PLACEMENT_3D('',#1852,#1853,#1854);
#1852 = CARTESIAN_POINT('',(10.160020320041,12.700025400051,    1.600050800102));
#1853 = DIRECTION('',(0.,0.,1.));
#1854 = DIRECTION('',(1.,1.110223024625E-16,-0.));
#1855 = ORIENTED_EDGE('',*,*,#1856,.F.);
#1856 = EDGE_CURVE('',#1857,#1848,#1859,.T.);
#1857 = VERTEX_POINT('',#1858);
#1858 = CARTESIAN_POINT('',(9.660019050038,12.700025400051,0.));
#1859 = LINE('',#1860,#1861);
#1860 = CARTESIAN_POINT('',(9.660019050038,12.700025400051,0.));
#1861 = VECTOR('',#1862,1.);
#1862 = DIRECTION('',(0.,0.,1.));
#1863 = ORIENTED_EDGE('',*,*,#1864,.F.);
#1864 = EDGE_CURVE('',#1838,#1857,#1865,.T.);
#1865 = CIRCLE('',#1866,0.500001270003);
#1866 = AXIS2_PLACEMENT_3D('',#1867,#1868,#1869);
#1867 = CARTESIAN_POINT('',(10.160020320041,12.700025400051,0.));
#1868 = DIRECTION('',(0.,0.,1.));
#1869 = DIRECTION('',(1.,1.110223024625E-16,-0.));
#1870 = CYLINDRICAL_SURFACE('',#1871,0.500001270003);
#1871 = AXIS2_PLACEMENT_3D('',#1872,#1873,#1874);
#1872 = CARTESIAN_POINT('',(10.160020320041,12.700025400051,0.));
#1873 = DIRECTION('',(-0.,-0.,-1.));
#1874 = DIRECTION('',(1.,1.110223024625E-16,-0.));
#1875 = ADVANCED_FACE('',(#1876),#1894,.F.);
#1876 = FACE_BOUND('',#1877,.T.);
#1877 = EDGE_LOOP('',(#1878,#1879,#1886,#1887));
#1878 = ORIENTED_EDGE('',*,*,#1856,.T.);
#1879 = ORIENTED_EDGE('',*,*,#1880,.T.);
#1880 = EDGE_CURVE('',#1848,#1840,#1881,.T.);
#1881 = CIRCLE('',#1882,0.500001270003);
#1882 = AXIS2_PLACEMENT_3D('',#1883,#1884,#1885);
#1883 = CARTESIAN_POINT('',(10.160020320041,12.700025400051,    1.600050800102));
#1884 = DIRECTION('',(0.,0.,1.));
#1885 = DIRECTION('',(-1.,-1.110223024625E-16,0.));
#1886 = ORIENTED_EDGE('',*,*,#1837,.F.);
#1887 = ORIENTED_EDGE('',*,*,#1888,.F.);
#1888 = EDGE_CURVE('',#1857,#1838,#1889,.T.);
#1889 = CIRCLE('',#1890,0.500001270003);
#1890 = AXIS2_PLACEMENT_3D('',#1891,#1892,#1893);
#1891 = CARTESIAN_POINT('',(10.160020320041,12.700025400051,0.));
#1892 = DIRECTION('',(0.,0.,1.));
#1893 = DIRECTION('',(-1.,-1.110223024625E-16,0.));
#1894 = CYLINDRICAL_SURFACE('',#1895,0.500001270003);
#1895 = AXIS2_PLACEMENT_3D('',#1896,#1897,#1898);
#1896 = CARTESIAN_POINT('',(10.160020320041,12.700025400051,0.));
#1897 = DIRECTION('',(-0.,-0.,-1.));
#1898 = DIRECTION('',(-1.,-1.110223024625E-16,0.));
#1899 = ADVANCED_FACE('',(#1900),#1936,.F.);
#1900 = FACE_BOUND('',#1901,.T.);
#1901 = EDGE_LOOP('',(#1902,#1912,#1921,#1929));
#1902 = ORIENTED_EDGE('',*,*,#1903,.T.);
#1903 = EDGE_CURVE('',#1904,#1906,#1908,.T.);
#1904 = VERTEX_POINT('',#1905);
#1905 = CARTESIAN_POINT('',(10.660021590043,10.160020320041,0.));
#1906 = VERTEX_POINT('',#1907);
#1907 = CARTESIAN_POINT('',(10.660021590043,10.160020320041,    1.600050800102));
#1908 = LINE('',#1909,#1910);
#1909 = CARTESIAN_POINT('',(10.660021590043,10.160020320041,0.));
#1910 = VECTOR('',#1911,1.);
#1911 = DIRECTION('',(0.,0.,1.));
#1912 = ORIENTED_EDGE('',*,*,#1913,.T.);
#1913 = EDGE_CURVE('',#1906,#1914,#1916,.T.);
#1914 = VERTEX_POINT('',#1915);
#1915 = CARTESIAN_POINT('',(9.660019050038,10.160020320041,    1.600050800102));
#1916 = CIRCLE('',#1917,0.500001270003);
#1917 = AXIS2_PLACEMENT_3D('',#1918,#1919,#1920);
#1918 = CARTESIAN_POINT('',(10.160020320041,10.160020320041,    1.600050800102));
#1919 = DIRECTION('',(0.,0.,1.));
#1920 = DIRECTION('',(1.,1.110223024625E-16,-0.));
#1921 = ORIENTED_EDGE('',*,*,#1922,.F.);
#1922 = EDGE_CURVE('',#1923,#1914,#1925,.T.);
#1923 = VERTEX_POINT('',#1924);
#1924 = CARTESIAN_POINT('',(9.660019050038,10.160020320041,0.));
#1925 = LINE('',#1926,#1927);
#1926 = CARTESIAN_POINT('',(9.660019050038,10.160020320041,0.));
#1927 = VECTOR('',#1928,1.);
#1928 = DIRECTION('',(0.,0.,1.));
#1929 = ORIENTED_EDGE('',*,*,#1930,.F.);
#1930 = EDGE_CURVE('',#1904,#1923,#1931,.T.);
#1931 = CIRCLE('',#1932,0.500001270003);
#1932 = AXIS2_PLACEMENT_3D('',#1933,#1934,#1935);
#1933 = CARTESIAN_POINT('',(10.160020320041,10.160020320041,0.));
#1934 = DIRECTION('',(0.,0.,1.));
#1935 = DIRECTION('',(1.,1.110223024625E-16,-0.));
#1936 = CYLINDRICAL_SURFACE('',#1937,0.500001270003);
#1937 = AXIS2_PLACEMENT_3D('',#1938,#1939,#1940);
#1938 = CARTESIAN_POINT('',(10.160020320041,10.160020320041,0.));
#1939 = DIRECTION('',(-0.,-0.,-1.));
#1940 = DIRECTION('',(1.,1.110223024625E-16,-0.));
#1941 = ADVANCED_FACE('',(#1942),#1960,.F.);
#1942 = FACE_BOUND('',#1943,.T.);
#1943 = EDGE_LOOP('',(#1944,#1945,#1952,#1953));
#1944 = ORIENTED_EDGE('',*,*,#1922,.T.);
#1945 = ORIENTED_EDGE('',*,*,#1946,.T.);
#1946 = EDGE_CURVE('',#1914,#1906,#1947,.T.);
#1947 = CIRCLE('',#1948,0.500001270003);
#1948 = AXIS2_PLACEMENT_3D('',#1949,#1950,#1951);
#1949 = CARTESIAN_POINT('',(10.160020320041,10.160020320041,    1.600050800102));
#1950 = DIRECTION('',(0.,0.,1.));
#1951 = DIRECTION('',(-1.,-1.110223024625E-16,0.));
#1952 = ORIENTED_EDGE('',*,*,#1903,.F.);
#1953 = ORIENTED_EDGE('',*,*,#1954,.F.);
#1954 = EDGE_CURVE('',#1923,#1904,#1955,.T.);
#1955 = CIRCLE('',#1956,0.500001270003);
#1956 = AXIS2_PLACEMENT_3D('',#1957,#1958,#1959);
#1957 = CARTESIAN_POINT('',(10.160020320041,10.160020320041,0.));
#1958 = DIRECTION('',(0.,0.,1.));
#1959 = DIRECTION('',(-1.,-1.110223024625E-16,0.));
#1960 = CYLINDRICAL_SURFACE('',#1961,0.500001270003);
#1961 = AXIS2_PLACEMENT_3D('',#1962,#1963,#1964);
#1962 = CARTESIAN_POINT('',(10.160020320041,10.160020320041,0.));
#1963 = DIRECTION('',(-0.,-0.,-1.));
#1964 = DIRECTION('',(-1.,-1.110223024625E-16,0.));
#1965 = ADVANCED_FACE('',(#1966),#2002,.F.);
#1966 = FACE_BOUND('',#1967,.T.);
#1967 = EDGE_LOOP('',(#1968,#1978,#1987,#1995));
#1968 = ORIENTED_EDGE('',*,*,#1969,.T.);
#1969 = EDGE_CURVE('',#1970,#1972,#1974,.T.);
#1970 = VERTEX_POINT('',#1971);
#1971 = CARTESIAN_POINT('',(10.660021590043,7.62001524003,0.));
#1972 = VERTEX_POINT('',#1973);
#1973 = CARTESIAN_POINT('',(10.660021590043,7.62001524003,1.600050800102    ));
#1974 = LINE('',#1975,#1976);
#1975 = CARTESIAN_POINT('',(10.660021590043,7.62001524003,0.));
#1976 = VECTOR('',#1977,1.);
#1977 = DIRECTION('',(0.,0.,1.));
#1978 = ORIENTED_EDGE('',*,*,#1979,.T.);
#1979 = EDGE_CURVE('',#1972,#1980,#1982,.T.);
#1980 = VERTEX_POINT('',#1981);
#1981 = CARTESIAN_POINT('',(9.660019050038,7.62001524003,1.600050800102)  );
#1982 = CIRCLE('',#1983,0.500001270003);
#1983 = AXIS2_PLACEMENT_3D('',#1984,#1985,#1986);
#1984 = CARTESIAN_POINT('',(10.160020320041,7.62001524003,1.600050800102    ));
#1985 = DIRECTION('',(0.,0.,1.));
#1986 = DIRECTION('',(1.,1.110223024625E-16,-0.));
#1987 = ORIENTED_EDGE('',*,*,#1988,.F.);
#1988 = EDGE_CURVE('',#1989,#1980,#1991,.T.);
#1989 = VERTEX_POINT('',#1990);
#1990 = CARTESIAN_POINT('',(9.660019050038,7.62001524003,0.));
#1991 = LINE('',#1992,#1993);
#1992 = CARTESIAN_POINT('',(9.660019050038,7.62001524003,0.));
#1993 = VECTOR('',#1994,1.);
#1994 = DIRECTION('',(0.,0.,1.));
#1995 = ORIENTED_EDGE('',*,*,#1996,.F.);
#1996 = EDGE_CURVE('',#1970,#1989,#1997,.T.);
#1997 = CIRCLE('',#1998,0.500001270003);
#1998 = AXIS2_PLACEMENT_3D('',#1999,#2000,#2001);
#1999 = CARTESIAN_POINT('',(10.160020320041,7.62001524003,0.));
#2000 = DIRECTION('',(0.,0.,1.));
#2001 = DIRECTION('',(1.,1.110223024625E-16,-0.));
#2002 = CYLINDRICAL_SURFACE('',#2003,0.500001270003);
#2003 = AXIS2_PLACEMENT_3D('',#2004,#2005,#2006);
#2004 = CARTESIAN_POINT('',(10.160020320041,7.62001524003,0.));
#2005 = DIRECTION('',(-0.,-0.,-1.));
#2006 = DIRECTION('',(1.,1.110223024625E-16,-0.));
#2007 = ADVANCED_FACE('',(#2008),#2026,.F.);
#2008 = FACE_BOUND('',#2009,.T.);
#2009 = EDGE_LOOP('',(#2010,#2011,#2018,#2019));
#2010 = ORIENTED_EDGE('',*,*,#1988,.T.);
#2011 = ORIENTED_EDGE('',*,*,#2012,.T.);
#2012 = EDGE_CURVE('',#1980,#1972,#2013,.T.);
#2013 = CIRCLE('',#2014,0.500001270003);
#2014 = AXIS2_PLACEMENT_3D('',#2015,#2016,#2017);
#2015 = CARTESIAN_POINT('',(10.160020320041,7.62001524003,1.600050800102    ));
#2016 = DIRECTION('',(0.,0.,1.));
#2017 = DIRECTION('',(-1.,-1.110223024625E-16,0.));
#2018 = ORIENTED_EDGE('',*,*,#1969,.F.);
#2019 = ORIENTED_EDGE('',*,*,#2020,.F.);
#2020 = EDGE_CURVE('',#1989,#1970,#2021,.T.);
#2021 = CIRCLE('',#2022,0.500001270003);
#2022 = AXIS2_PLACEMENT_3D('',#2023,#2024,#2025);
#2023 = CARTESIAN_POINT('',(10.160020320041,7.62001524003,0.));
#2024 = DIRECTION('',(0.,0.,1.));
#2025 = DIRECTION('',(-1.,-1.110223024625E-16,0.));
#2026 = CYLINDRICAL_SURFACE('',#2027,0.500001270003);
#2027 = AXIS2_PLACEMENT_3D('',#2028,#2029,#2030);
#2028 = CARTESIAN_POINT('',(10.160020320041,7.62001524003,0.));
#2029 = DIRECTION('',(-0.,-0.,-1.));
#2030 = DIRECTION('',(-1.,-1.110223024625E-16,0.));
#2031 = ADVANCED_FACE('',(#2032),#2068,.F.);
#2032 = FACE_BOUND('',#2033,.T.);
#2033 = EDGE_LOOP('',(#2034,#2044,#2053,#2061));
#2034 = ORIENTED_EDGE('',*,*,#2035,.T.);
#2035 = EDGE_CURVE('',#2036,#2038,#2040,.T.);
#2036 = VERTEX_POINT('',#2037);
#2037 = CARTESIAN_POINT('',(10.660021590043,53.340106680213,0.));
#2038 = VERTEX_POINT('',#2039);
#2039 = CARTESIAN_POINT('',(10.660021590043,53.340106680213,    1.600050800102));
#2040 = LINE('',#2041,#2042);
#2041 = CARTESIAN_POINT('',(10.660021590043,53.340106680213,0.));
#2042 = VECTOR('',#2043,1.);
#2043 = DIRECTION('',(0.,0.,1.));
#2044 = ORIENTED_EDGE('',*,*,#2045,.T.);
#2045 = EDGE_CURVE('',#2038,#2046,#2048,.T.);
#2046 = VERTEX_POINT('',#2047);
#2047 = CARTESIAN_POINT('',(9.660019050038,53.340106680213,    1.600050800102));
#2048 = CIRCLE('',#2049,0.500001270003);
#2049 = AXIS2_PLACEMENT_3D('',#2050,#2051,#2052);
#2050 = CARTESIAN_POINT('',(10.160020320041,53.340106680213,    1.600050800102));
#2051 = DIRECTION('',(0.,0.,1.));
#2052 = DIRECTION('',(1.,1.110223024625E-16,-0.));
#2053 = ORIENTED_EDGE('',*,*,#2054,.F.);
#2054 = EDGE_CURVE('',#2055,#2046,#2057,.T.);
#2055 = VERTEX_POINT('',#2056);
#2056 = CARTESIAN_POINT('',(9.660019050038,53.340106680213,0.));
#2057 = LINE('',#2058,#2059);
#2058 = CARTESIAN_POINT('',(9.660019050038,53.340106680213,0.));
#2059 = VECTOR('',#2060,1.);
#2060 = DIRECTION('',(0.,0.,1.));
#2061 = ORIENTED_EDGE('',*,*,#2062,.F.);
#2062 = EDGE_CURVE('',#2036,#2055,#2063,.T.);
#2063 = CIRCLE('',#2064,0.500001270003);
#2064 = AXIS2_PLACEMENT_3D('',#2065,#2066,#2067);
#2065 = CARTESIAN_POINT('',(10.160020320041,53.340106680213,0.));
#2066 = DIRECTION('',(0.,0.,1.));
#2067 = DIRECTION('',(1.,1.110223024625E-16,-0.));
#2068 = CYLINDRICAL_SURFACE('',#2069,0.500001270003);
#2069 = AXIS2_PLACEMENT_3D('',#2070,#2071,#2072);
#2070 = CARTESIAN_POINT('',(10.160020320041,53.340106680213,0.));
#2071 = DIRECTION('',(-0.,-0.,-1.));
#2072 = DIRECTION('',(1.,1.110223024625E-16,-0.));
#2073 = ADVANCED_FACE('',(#2074),#2092,.F.);
#2074 = FACE_BOUND('',#2075,.T.);
#2075 = EDGE_LOOP('',(#2076,#2077,#2084,#2085));
#2076 = ORIENTED_EDGE('',*,*,#2054,.T.);
#2077 = ORIENTED_EDGE('',*,*,#2078,.T.);
#2078 = EDGE_CURVE('',#2046,#2038,#2079,.T.);
#2079 = CIRCLE('',#2080,0.500001270003);
#2080 = AXIS2_PLACEMENT_3D('',#2081,#2082,#2083);
#2081 = CARTESIAN_POINT('',(10.160020320041,53.340106680213,    1.600050800102));
#2082 = DIRECTION('',(0.,0.,1.));
#2083 = DIRECTION('',(-1.,-1.110223024625E-16,0.));
#2084 = ORIENTED_EDGE('',*,*,#2035,.F.);
#2085 = ORIENTED_EDGE('',*,*,#2086,.F.);
#2086 = EDGE_CURVE('',#2055,#2036,#2087,.T.);
#2087 = CIRCLE('',#2088,0.500001270003);
#2088 = AXIS2_PLACEMENT_3D('',#2089,#2090,#2091);
#2089 = CARTESIAN_POINT('',(10.160020320041,53.340106680213,0.));
#2090 = DIRECTION('',(0.,0.,1.));
#2091 = DIRECTION('',(-1.,-1.110223024625E-16,0.));
#2092 = CYLINDRICAL_SURFACE('',#2093,0.500001270003);
#2093 = AXIS2_PLACEMENT_3D('',#2094,#2095,#2096);
#2094 = CARTESIAN_POINT('',(10.160020320041,53.340106680213,0.));
#2095 = DIRECTION('',(-0.,-0.,-1.));
#2096 = DIRECTION('',(-1.,-1.110223024625E-16,0.));
#2097 = ADVANCED_FACE('',(#2098),#2134,.F.);
#2098 = FACE_BOUND('',#2099,.T.);
#2099 = EDGE_LOOP('',(#2100,#2110,#2119,#2127));
#2100 = ORIENTED_EDGE('',*,*,#2101,.T.);
#2101 = EDGE_CURVE('',#2102,#2104,#2106,.T.);
#2102 = VERTEX_POINT('',#2103);
#2103 = CARTESIAN_POINT('',(10.660021590043,55.880111760224,0.));
#2104 = VERTEX_POINT('',#2105);
#2105 = CARTESIAN_POINT('',(10.660021590043,55.880111760224,    1.600050800102));
#2106 = LINE('',#2107,#2108);
#2107 = CARTESIAN_POINT('',(10.660021590043,55.880111760224,0.));
#2108 = VECTOR('',#2109,1.);
#2109 = DIRECTION('',(0.,0.,1.));
#2110 = ORIENTED_EDGE('',*,*,#2111,.T.);
#2111 = EDGE_CURVE('',#2104,#2112,#2114,.T.);
#2112 = VERTEX_POINT('',#2113);
#2113 = CARTESIAN_POINT('',(9.660019050038,55.880111760224,    1.600050800102));
#2114 = CIRCLE('',#2115,0.500001270003);
#2115 = AXIS2_PLACEMENT_3D('',#2116,#2117,#2118);
#2116 = CARTESIAN_POINT('',(10.160020320041,55.880111760224,    1.600050800102));
#2117 = DIRECTION('',(0.,0.,1.));
#2118 = DIRECTION('',(1.,1.110223024625E-16,-0.));
#2119 = ORIENTED_EDGE('',*,*,#2120,.F.);
#2120 = EDGE_CURVE('',#2121,#2112,#2123,.T.);
#2121 = VERTEX_POINT('',#2122);
#2122 = CARTESIAN_POINT('',(9.660019050038,55.880111760224,0.));
#2123 = LINE('',#2124,#2125);
#2124 = CARTESIAN_POINT('',(9.660019050038,55.880111760224,0.));
#2125 = VECTOR('',#2126,1.);
#2126 = DIRECTION('',(0.,0.,1.));
#2127 = ORIENTED_EDGE('',*,*,#2128,.F.);
#2128 = EDGE_CURVE('',#2102,#2121,#2129,.T.);
#2129 = CIRCLE('',#2130,0.500001270003);
#2130 = AXIS2_PLACEMENT_3D('',#2131,#2132,#2133);
#2131 = CARTESIAN_POINT('',(10.160020320041,55.880111760224,0.));
#2132 = DIRECTION('',(0.,0.,1.));
#2133 = DIRECTION('',(1.,1.110223024625E-16,-0.));
#2134 = CYLINDRICAL_SURFACE('',#2135,0.500001270003);
#2135 = AXIS2_PLACEMENT_3D('',#2136,#2137,#2138);
#2136 = CARTESIAN_POINT('',(10.160020320041,55.880111760224,0.));
#2137 = DIRECTION('',(-0.,-0.,-1.));
#2138 = DIRECTION('',(1.,1.110223024625E-16,-0.));
#2139 = ADVANCED_FACE('',(#2140),#2158,.F.);
#2140 = FACE_BOUND('',#2141,.T.);
#2141 = EDGE_LOOP('',(#2142,#2143,#2150,#2151));
#2142 = ORIENTED_EDGE('',*,*,#2120,.T.);
#2143 = ORIENTED_EDGE('',*,*,#2144,.T.);
#2144 = EDGE_CURVE('',#2112,#2104,#2145,.T.);
#2145 = CIRCLE('',#2146,0.500001270003);
#2146 = AXIS2_PLACEMENT_3D('',#2147,#2148,#2149);
#2147 = CARTESIAN_POINT('',(10.160020320041,55.880111760224,    1.600050800102));
#2148 = DIRECTION('',(0.,0.,1.));
#2149 = DIRECTION('',(-1.,-1.110223024625E-16,0.));
#2150 = ORIENTED_EDGE('',*,*,#2101,.F.);
#2151 = ORIENTED_EDGE('',*,*,#2152,.F.);
#2152 = EDGE_CURVE('',#2121,#2102,#2153,.T.);
#2153 = CIRCLE('',#2154,0.500001270003);
#2154 = AXIS2_PLACEMENT_3D('',#2155,#2156,#2157);
#2155 = CARTESIAN_POINT('',(10.160020320041,55.880111760224,0.));
#2156 = DIRECTION('',(0.,0.,1.));
#2157 = DIRECTION('',(-1.,-1.110223024625E-16,0.));
#2158 = CYLINDRICAL_SURFACE('',#2159,0.500001270003);
#2159 = AXIS2_PLACEMENT_3D('',#2160,#2161,#2162);
#2160 = CARTESIAN_POINT('',(10.160020320041,55.880111760224,0.));
#2161 = DIRECTION('',(-0.,-0.,-1.));
#2162 = DIRECTION('',(-1.,-1.110223024625E-16,0.));
#2163 = ADVANCED_FACE('',(#2164),#2200,.F.);
#2164 = FACE_BOUND('',#2165,.T.);
#2165 = EDGE_LOOP('',(#2166,#2176,#2185,#2193));
#2166 = ORIENTED_EDGE('',*,*,#2167,.T.);
#2167 = EDGE_CURVE('',#2168,#2170,#2172,.T.);
#2168 = VERTEX_POINT('',#2169);
#2169 = CARTESIAN_POINT('',(13.200026670053,40.640081280163,0.));
#2170 = VERTEX_POINT('',#2171);
#2171 = CARTESIAN_POINT('',(13.200026670053,40.640081280163,    1.600050800102));
#2172 = LINE('',#2173,#2174);
#2173 = CARTESIAN_POINT('',(13.200026670053,40.640081280163,0.));
#2174 = VECTOR('',#2175,1.);
#2175 = DIRECTION('',(0.,0.,1.));
#2176 = ORIENTED_EDGE('',*,*,#2177,.T.);
#2177 = EDGE_CURVE('',#2170,#2178,#2180,.T.);
#2178 = VERTEX_POINT('',#2179);
#2179 = CARTESIAN_POINT('',(12.200024130048,40.640081280163,    1.600050800102));
#2180 = CIRCLE('',#2181,0.500001270003);
#2181 = AXIS2_PLACEMENT_3D('',#2182,#2183,#2184);
#2182 = CARTESIAN_POINT('',(12.700025400051,40.640081280163,    1.600050800102));
#2183 = DIRECTION('',(0.,0.,1.));
#2184 = DIRECTION('',(1.,1.110223024625E-16,-0.));
#2185 = ORIENTED_EDGE('',*,*,#2186,.F.);
#2186 = EDGE_CURVE('',#2187,#2178,#2189,.T.);
#2187 = VERTEX_POINT('',#2188);
#2188 = CARTESIAN_POINT('',(12.200024130048,40.640081280163,0.));
#2189 = LINE('',#2190,#2191);
#2190 = CARTESIAN_POINT('',(12.200024130048,40.640081280163,0.));
#2191 = VECTOR('',#2192,1.);
#2192 = DIRECTION('',(0.,0.,1.));
#2193 = ORIENTED_EDGE('',*,*,#2194,.F.);
#2194 = EDGE_CURVE('',#2168,#2187,#2195,.T.);
#2195 = CIRCLE('',#2196,0.500001270003);
#2196 = AXIS2_PLACEMENT_3D('',#2197,#2198,#2199);
#2197 = CARTESIAN_POINT('',(12.700025400051,40.640081280163,0.));
#2198 = DIRECTION('',(0.,0.,1.));
#2199 = DIRECTION('',(1.,1.110223024625E-16,-0.));
#2200 = CYLINDRICAL_SURFACE('',#2201,0.500001270003);
#2201 = AXIS2_PLACEMENT_3D('',#2202,#2203,#2204);
#2202 = CARTESIAN_POINT('',(12.700025400051,40.640081280163,0.));
#2203 = DIRECTION('',(-0.,-0.,-1.));
#2204 = DIRECTION('',(1.,1.110223024625E-16,-0.));
#2205 = ADVANCED_FACE('',(#2206),#2224,.F.);
#2206 = FACE_BOUND('',#2207,.T.);
#2207 = EDGE_LOOP('',(#2208,#2209,#2216,#2217));
#2208 = ORIENTED_EDGE('',*,*,#2186,.T.);
#2209 = ORIENTED_EDGE('',*,*,#2210,.T.);
#2210 = EDGE_CURVE('',#2178,#2170,#2211,.T.);
#2211 = CIRCLE('',#2212,0.500001270003);
#2212 = AXIS2_PLACEMENT_3D('',#2213,#2214,#2215);
#2213 = CARTESIAN_POINT('',(12.700025400051,40.640081280163,    1.600050800102));
#2214 = DIRECTION('',(0.,0.,1.));
#2215 = DIRECTION('',(-1.,-1.110223024625E-16,0.));
#2216 = ORIENTED_EDGE('',*,*,#2167,.F.);
#2217 = ORIENTED_EDGE('',*,*,#2218,.F.);
#2218 = EDGE_CURVE('',#2187,#2168,#2219,.T.);
#2219 = CIRCLE('',#2220,0.500001270003);
#2220 = AXIS2_PLACEMENT_3D('',#2221,#2222,#2223);
#2221 = CARTESIAN_POINT('',(12.700025400051,40.640081280163,0.));
#2222 = DIRECTION('',(0.,0.,1.));
#2223 = DIRECTION('',(-1.,-1.110223024625E-16,0.));
#2224 = CYLINDRICAL_SURFACE('',#2225,0.500001270003);
#2225 = AXIS2_PLACEMENT_3D('',#2226,#2227,#2228);
#2226 = CARTESIAN_POINT('',(12.700025400051,40.640081280163,0.));
#2227 = DIRECTION('',(-0.,-0.,-1.));
#2228 = DIRECTION('',(-1.,-1.110223024625E-16,0.));
#2229 = ADVANCED_FACE('',(#2230),#2266,.F.);
#2230 = FACE_BOUND('',#2231,.T.);
#2231 = EDGE_LOOP('',(#2232,#2242,#2251,#2259));
#2232 = ORIENTED_EDGE('',*,*,#2233,.T.);
#2233 = EDGE_CURVE('',#2234,#2236,#2238,.T.);
#2234 = VERTEX_POINT('',#2235);
#2235 = CARTESIAN_POINT('',(13.200026670053,38.100076200152,0.));
#2236 = VERTEX_POINT('',#2237);
#2237 = CARTESIAN_POINT('',(13.200026670053,38.100076200152,    1.600050800102));
#2238 = LINE('',#2239,#2240);
#2239 = CARTESIAN_POINT('',(13.200026670053,38.100076200152,0.));
#2240 = VECTOR('',#2241,1.);
#2241 = DIRECTION('',(0.,0.,1.));
#2242 = ORIENTED_EDGE('',*,*,#2243,.T.);
#2243 = EDGE_CURVE('',#2236,#2244,#2246,.T.);
#2244 = VERTEX_POINT('',#2245);
#2245 = CARTESIAN_POINT('',(12.200024130048,38.100076200152,    1.600050800102));
#2246 = CIRCLE('',#2247,0.500001270003);
#2247 = AXIS2_PLACEMENT_3D('',#2248,#2249,#2250);
#2248 = CARTESIAN_POINT('',(12.700025400051,38.100076200152,    1.600050800102));
#2249 = DIRECTION('',(0.,0.,1.));
#2250 = DIRECTION('',(1.,1.110223024625E-16,-0.));
#2251 = ORIENTED_EDGE('',*,*,#2252,.F.);
#2252 = EDGE_CURVE('',#2253,#2244,#2255,.T.);
#2253 = VERTEX_POINT('',#2254);
#2254 = CARTESIAN_POINT('',(12.200024130048,38.100076200152,0.));
#2255 = LINE('',#2256,#2257);
#2256 = CARTESIAN_POINT('',(12.200024130048,38.100076200152,0.));
#2257 = VECTOR('',#2258,1.);
#2258 = DIRECTION('',(0.,0.,1.));
#2259 = ORIENTED_EDGE('',*,*,#2260,.F.);
#2260 = EDGE_CURVE('',#2234,#2253,#2261,.T.);
#2261 = CIRCLE('',#2262,0.500001270003);
#2262 = AXIS2_PLACEMENT_3D('',#2263,#2264,#2265);
#2263 = CARTESIAN_POINT('',(12.700025400051,38.100076200152,0.));
#2264 = DIRECTION('',(0.,0.,1.));
#2265 = DIRECTION('',(1.,1.110223024625E-16,-0.));
#2266 = CYLINDRICAL_SURFACE('',#2267,0.500001270003);
#2267 = AXIS2_PLACEMENT_3D('',#2268,#2269,#2270);
#2268 = CARTESIAN_POINT('',(12.700025400051,38.100076200152,0.));
#2269 = DIRECTION('',(-0.,-0.,-1.));
#2270 = DIRECTION('',(1.,1.110223024625E-16,-0.));
#2271 = ADVANCED_FACE('',(#2272),#2290,.F.);
#2272 = FACE_BOUND('',#2273,.T.);
#2273 = EDGE_LOOP('',(#2274,#2275,#2282,#2283));
#2274 = ORIENTED_EDGE('',*,*,#2252,.T.);
#2275 = ORIENTED_EDGE('',*,*,#2276,.T.);
#2276 = EDGE_CURVE('',#2244,#2236,#2277,.T.);
#2277 = CIRCLE('',#2278,0.500001270003);
#2278 = AXIS2_PLACEMENT_3D('',#2279,#2280,#2281);
#2279 = CARTESIAN_POINT('',(12.700025400051,38.100076200152,    1.600050800102));
#2280 = DIRECTION('',(0.,0.,1.));
#2281 = DIRECTION('',(-1.,-1.110223024625E-16,0.));
#2282 = ORIENTED_EDGE('',*,*,#2233,.F.);
#2283 = ORIENTED_EDGE('',*,*,#2284,.F.);
#2284 = EDGE_CURVE('',#2253,#2234,#2285,.T.);
#2285 = CIRCLE('',#2286,0.500001270003);
#2286 = AXIS2_PLACEMENT_3D('',#2287,#2288,#2289);
#2287 = CARTESIAN_POINT('',(12.700025400051,38.100076200152,0.));
#2288 = DIRECTION('',(0.,0.,1.));
#2289 = DIRECTION('',(-1.,-1.110223024625E-16,0.));
#2290 = CYLINDRICAL_SURFACE('',#2291,0.500001270003);
#2291 = AXIS2_PLACEMENT_3D('',#2292,#2293,#2294);
#2292 = CARTESIAN_POINT('',(12.700025400051,38.100076200152,0.));
#2293 = DIRECTION('',(-0.,-0.,-1.));
#2294 = DIRECTION('',(-1.,-1.110223024625E-16,0.));
#2295 = ADVANCED_FACE('',(#2296),#2332,.F.);
#2296 = FACE_BOUND('',#2297,.T.);
#2297 = EDGE_LOOP('',(#2298,#2308,#2317,#2325));
#2298 = ORIENTED_EDGE('',*,*,#2299,.T.);
#2299 = EDGE_CURVE('',#2300,#2302,#2304,.T.);
#2300 = VERTEX_POINT('',#2301);
#2301 = CARTESIAN_POINT('',(13.200026670053,35.560071120142,0.));
#2302 = VERTEX_POINT('',#2303);
#2303 = CARTESIAN_POINT('',(13.200026670053,35.560071120142,    1.600050800102));
#2304 = LINE('',#2305,#2306);
#2305 = CARTESIAN_POINT('',(13.200026670053,35.560071120142,0.));
#2306 = VECTOR('',#2307,1.);
#2307 = DIRECTION('',(0.,0.,1.));
#2308 = ORIENTED_EDGE('',*,*,#2309,.T.);
#2309 = EDGE_CURVE('',#2302,#2310,#2312,.T.);
#2310 = VERTEX_POINT('',#2311);
#2311 = CARTESIAN_POINT('',(12.200024130048,35.560071120142,    1.600050800102));
#2312 = CIRCLE('',#2313,0.500001270003);
#2313 = AXIS2_PLACEMENT_3D('',#2314,#2315,#2316);
#2314 = CARTESIAN_POINT('',(12.700025400051,35.560071120142,    1.600050800102));
#2315 = DIRECTION('',(0.,0.,1.));
#2316 = DIRECTION('',(1.,1.110223024625E-16,-0.));
#2317 = ORIENTED_EDGE('',*,*,#2318,.F.);
#2318 = EDGE_CURVE('',#2319,#2310,#2321,.T.);
#2319 = VERTEX_POINT('',#2320);
#2320 = CARTESIAN_POINT('',(12.200024130048,35.560071120142,0.));
#2321 = LINE('',#2322,#2323);
#2322 = CARTESIAN_POINT('',(12.200024130048,35.560071120142,0.));
#2323 = VECTOR('',#2324,1.);
#2324 = DIRECTION('',(0.,0.,1.));
#2325 = ORIENTED_EDGE('',*,*,#2326,.F.);
#2326 = EDGE_CURVE('',#2300,#2319,#2327,.T.);
#2327 = CIRCLE('',#2328,0.500001270003);
#2328 = AXIS2_PLACEMENT_3D('',#2329,#2330,#2331);
#2329 = CARTESIAN_POINT('',(12.700025400051,35.560071120142,0.));
#2330 = DIRECTION('',(0.,0.,1.));
#2331 = DIRECTION('',(1.,1.110223024625E-16,-0.));
#2332 = CYLINDRICAL_SURFACE('',#2333,0.500001270003);
#2333 = AXIS2_PLACEMENT_3D('',#2334,#2335,#2336);
#2334 = CARTESIAN_POINT('',(12.700025400051,35.560071120142,0.));
#2335 = DIRECTION('',(-0.,-0.,-1.));
#2336 = DIRECTION('',(1.,1.110223024625E-16,-0.));
#2337 = ADVANCED_FACE('',(#2338),#2356,.F.);
#2338 = FACE_BOUND('',#2339,.T.);
#2339 = EDGE_LOOP('',(#2340,#2341,#2348,#2349));
#2340 = ORIENTED_EDGE('',*,*,#2318,.T.);
#2341 = ORIENTED_EDGE('',*,*,#2342,.T.);
#2342 = EDGE_CURVE('',#2310,#2302,#2343,.T.);
#2343 = CIRCLE('',#2344,0.500001270003);
#2344 = AXIS2_PLACEMENT_3D('',#2345,#2346,#2347);
#2345 = CARTESIAN_POINT('',(12.700025400051,35.560071120142,    1.600050800102));
#2346 = DIRECTION('',(0.,0.,1.));
#2347 = DIRECTION('',(-1.,-1.110223024625E-16,0.));
#2348 = ORIENTED_EDGE('',*,*,#2299,.F.);
#2349 = ORIENTED_EDGE('',*,*,#2350,.F.);
#2350 = EDGE_CURVE('',#2319,#2300,#2351,.T.);
#2351 = CIRCLE('',#2352,0.500001270003);
#2352 = AXIS2_PLACEMENT_3D('',#2353,#2354,#2355);
#2353 = CARTESIAN_POINT('',(12.700025400051,35.560071120142,0.));
#2354 = DIRECTION('',(0.,0.,1.));
#2355 = DIRECTION('',(-1.,-1.110223024625E-16,0.));
#2356 = CYLINDRICAL_SURFACE('',#2357,0.500001270003);
#2357 = AXIS2_PLACEMENT_3D('',#2358,#2359,#2360);
#2358 = CARTESIAN_POINT('',(12.700025400051,35.560071120142,0.));
#2359 = DIRECTION('',(-0.,-0.,-1.));
#2360 = DIRECTION('',(-1.,-1.110223024625E-16,0.));
#2361 = ADVANCED_FACE('',(#2362),#2398,.F.);
#2362 = FACE_BOUND('',#2363,.T.);
#2363 = EDGE_LOOP('',(#2364,#2374,#2383,#2391));
#2364 = ORIENTED_EDGE('',*,*,#2365,.T.);
#2365 = EDGE_CURVE('',#2366,#2368,#2370,.T.);
#2366 = VERTEX_POINT('',#2367);
#2367 = CARTESIAN_POINT('',(13.200026670053,48.260096520193,0.));
#2368 = VERTEX_POINT('',#2369);
#2369 = CARTESIAN_POINT('',(13.200026670053,48.260096520193,    1.600050800102));
#2370 = LINE('',#2371,#2372);
#2371 = CARTESIAN_POINT('',(13.200026670053,48.260096520193,0.));
#2372 = VECTOR('',#2373,1.);
#2373 = DIRECTION('',(0.,0.,1.));
#2374 = ORIENTED_EDGE('',*,*,#2375,.T.);
#2375 = EDGE_CURVE('',#2368,#2376,#2378,.T.);
#2376 = VERTEX_POINT('',#2377);
#2377 = CARTESIAN_POINT('',(12.200024130048,48.260096520193,    1.600050800102));
#2378 = CIRCLE('',#2379,0.500001270003);
#2379 = AXIS2_PLACEMENT_3D('',#2380,#2381,#2382);
#2380 = CARTESIAN_POINT('',(12.700025400051,48.260096520193,    1.600050800102));
#2381 = DIRECTION('',(0.,0.,1.));
#2382 = DIRECTION('',(1.,1.110223024625E-16,-0.));
#2383 = ORIENTED_EDGE('',*,*,#2384,.F.);
#2384 = EDGE_CURVE('',#2385,#2376,#2387,.T.);
#2385 = VERTEX_POINT('',#2386);
#2386 = CARTESIAN_POINT('',(12.200024130048,48.260096520193,0.));
#2387 = LINE('',#2388,#2389);
#2388 = CARTESIAN_POINT('',(12.200024130048,48.260096520193,0.));
#2389 = VECTOR('',#2390,1.);
#2390 = DIRECTION('',(0.,0.,1.));
#2391 = ORIENTED_EDGE('',*,*,#2392,.F.);
#2392 = EDGE_CURVE('',#2366,#2385,#2393,.T.);
#2393 = CIRCLE('',#2394,0.500001270003);
#2394 = AXIS2_PLACEMENT_3D('',#2395,#2396,#2397);
#2395 = CARTESIAN_POINT('',(12.700025400051,48.260096520193,0.));
#2396 = DIRECTION('',(0.,0.,1.));
#2397 = DIRECTION('',(1.,1.110223024625E-16,-0.));
#2398 = CYLINDRICAL_SURFACE('',#2399,0.500001270003);
#2399 = AXIS2_PLACEMENT_3D('',#2400,#2401,#2402);
#2400 = CARTESIAN_POINT('',(12.700025400051,48.260096520193,0.));
#2401 = DIRECTION('',(-0.,-0.,-1.));
#2402 = DIRECTION('',(1.,1.110223024625E-16,-0.));
#2403 = ADVANCED_FACE('',(#2404),#2422,.F.);
#2404 = FACE_BOUND('',#2405,.T.);
#2405 = EDGE_LOOP('',(#2406,#2407,#2414,#2415));
#2406 = ORIENTED_EDGE('',*,*,#2384,.T.);
#2407 = ORIENTED_EDGE('',*,*,#2408,.T.);
#2408 = EDGE_CURVE('',#2376,#2368,#2409,.T.);
#2409 = CIRCLE('',#2410,0.500001270003);
#2410 = AXIS2_PLACEMENT_3D('',#2411,#2412,#2413);
#2411 = CARTESIAN_POINT('',(12.700025400051,48.260096520193,    1.600050800102));
#2412 = DIRECTION('',(0.,0.,1.));
#2413 = DIRECTION('',(-1.,-1.110223024625E-16,0.));
#2414 = ORIENTED_EDGE('',*,*,#2365,.F.);
#2415 = ORIENTED_EDGE('',*,*,#2416,.F.);
#2416 = EDGE_CURVE('',#2385,#2366,#2417,.T.);
#2417 = CIRCLE('',#2418,0.500001270003);
#2418 = AXIS2_PLACEMENT_3D('',#2419,#2420,#2421);
#2419 = CARTESIAN_POINT('',(12.700025400051,48.260096520193,0.));
#2420 = DIRECTION('',(0.,0.,1.));
#2421 = DIRECTION('',(-1.,-1.110223024625E-16,0.));
#2422 = CYLINDRICAL_SURFACE('',#2423,0.500001270003);
#2423 = AXIS2_PLACEMENT_3D('',#2424,#2425,#2426);
#2424 = CARTESIAN_POINT('',(12.700025400051,48.260096520193,0.));
#2425 = DIRECTION('',(-0.,-0.,-1.));
#2426 = DIRECTION('',(-1.,-1.110223024625E-16,0.));
#2427 = ADVANCED_FACE('',(#2428),#2464,.F.);
#2428 = FACE_BOUND('',#2429,.T.);
#2429 = EDGE_LOOP('',(#2430,#2440,#2449,#2457));
#2430 = ORIENTED_EDGE('',*,*,#2431,.T.);
#2431 = EDGE_CURVE('',#2432,#2434,#2436,.T.);
#2432 = VERTEX_POINT('',#2433);
#2433 = CARTESIAN_POINT('',(13.200026670053,50.800101600203,0.));
#2434 = VERTEX_POINT('',#2435);
#2435 = CARTESIAN_POINT('',(13.200026670053,50.800101600203,    1.600050800102));
#2436 = LINE('',#2437,#2438);
#2437 = CARTESIAN_POINT('',(13.200026670053,50.800101600203,0.));
#2438 = VECTOR('',#2439,1.);
#2439 = DIRECTION('',(0.,0.,1.));
#2440 = ORIENTED_EDGE('',*,*,#2441,.T.);
#2441 = EDGE_CURVE('',#2434,#2442,#2444,.T.);
#2442 = VERTEX_POINT('',#2443);
#2443 = CARTESIAN_POINT('',(12.200024130048,50.800101600203,    1.600050800102));
#2444 = CIRCLE('',#2445,0.500001270003);
#2445 = AXIS2_PLACEMENT_3D('',#2446,#2447,#2448);
#2446 = CARTESIAN_POINT('',(12.700025400051,50.800101600203,    1.600050800102));
#2447 = DIRECTION('',(0.,0.,1.));
#2448 = DIRECTION('',(1.,1.110223024625E-16,-0.));
#2449 = ORIENTED_EDGE('',*,*,#2450,.F.);
#2450 = EDGE_CURVE('',#2451,#2442,#2453,.T.);
#2451 = VERTEX_POINT('',#2452);
#2452 = CARTESIAN_POINT('',(12.200024130048,50.800101600203,0.));
#2453 = LINE('',#2454,#2455);
#2454 = CARTESIAN_POINT('',(12.200024130048,50.800101600203,0.));
#2455 = VECTOR('',#2456,1.);
#2456 = DIRECTION('',(0.,0.,1.));
#2457 = ORIENTED_EDGE('',*,*,#2458,.F.);
#2458 = EDGE_CURVE('',#2432,#2451,#2459,.T.);
#2459 = CIRCLE('',#2460,0.500001270003);
#2460 = AXIS2_PLACEMENT_3D('',#2461,#2462,#2463);
#2461 = CARTESIAN_POINT('',(12.700025400051,50.800101600203,0.));
#2462 = DIRECTION('',(0.,0.,1.));
#2463 = DIRECTION('',(1.,1.110223024625E-16,-0.));
#2464 = CYLINDRICAL_SURFACE('',#2465,0.500001270003);
#2465 = AXIS2_PLACEMENT_3D('',#2466,#2467,#2468);
#2466 = CARTESIAN_POINT('',(12.700025400051,50.800101600203,0.));
#2467 = DIRECTION('',(-0.,-0.,-1.));
#2468 = DIRECTION('',(1.,1.110223024625E-16,-0.));
#2469 = ADVANCED_FACE('',(#2470),#2488,.F.);
#2470 = FACE_BOUND('',#2471,.T.);
#2471 = EDGE_LOOP('',(#2472,#2473,#2480,#2481));
#2472 = ORIENTED_EDGE('',*,*,#2450,.T.);
#2473 = ORIENTED_EDGE('',*,*,#2474,.T.);
#2474 = EDGE_CURVE('',#2442,#2434,#2475,.T.);
#2475 = CIRCLE('',#2476,0.500001270003);
#2476 = AXIS2_PLACEMENT_3D('',#2477,#2478,#2479);
#2477 = CARTESIAN_POINT('',(12.700025400051,50.800101600203,    1.600050800102));
#2478 = DIRECTION('',(0.,0.,1.));
#2479 = DIRECTION('',(-1.,-1.110223024625E-16,0.));
#2480 = ORIENTED_EDGE('',*,*,#2431,.F.);
#2481 = ORIENTED_EDGE('',*,*,#2482,.F.);
#2482 = EDGE_CURVE('',#2451,#2432,#2483,.T.);
#2483 = CIRCLE('',#2484,0.500001270003);
#2484 = AXIS2_PLACEMENT_3D('',#2485,#2486,#2487);
#2485 = CARTESIAN_POINT('',(12.700025400051,50.800101600203,0.));
#2486 = DIRECTION('',(0.,0.,1.));
#2487 = DIRECTION('',(-1.,-1.110223024625E-16,0.));
#2488 = CYLINDRICAL_SURFACE('',#2489,0.500001270003);
#2489 = AXIS2_PLACEMENT_3D('',#2490,#2491,#2492);
#2490 = CARTESIAN_POINT('',(12.700025400051,50.800101600203,0.));
#2491 = DIRECTION('',(-0.,-0.,-1.));
#2492 = DIRECTION('',(-1.,-1.110223024625E-16,0.));
#2493 = ADVANCED_FACE('',(#2494),#2530,.F.);
#2494 = FACE_BOUND('',#2495,.T.);
#2495 = EDGE_LOOP('',(#2496,#2506,#2515,#2523));
#2496 = ORIENTED_EDGE('',*,*,#2497,.T.);
#2497 = EDGE_CURVE('',#2498,#2500,#2502,.T.);
#2498 = VERTEX_POINT('',#2499);
#2499 = CARTESIAN_POINT('',(13.200026670053,45.720091440183,0.));
#2500 = VERTEX_POINT('',#2501);
#2501 = CARTESIAN_POINT('',(13.200026670053,45.720091440183,    1.600050800102));
#2502 = LINE('',#2503,#2504);
#2503 = CARTESIAN_POINT('',(13.200026670053,45.720091440183,0.));
#2504 = VECTOR('',#2505,1.);
#2505 = DIRECTION('',(0.,0.,1.));
#2506 = ORIENTED_EDGE('',*,*,#2507,.T.);
#2507 = EDGE_CURVE('',#2500,#2508,#2510,.T.);
#2508 = VERTEX_POINT('',#2509);
#2509 = CARTESIAN_POINT('',(12.200024130048,45.720091440183,    1.600050800102));
#2510 = CIRCLE('',#2511,0.500001270003);
#2511 = AXIS2_PLACEMENT_3D('',#2512,#2513,#2514);
#2512 = CARTESIAN_POINT('',(12.700025400051,45.720091440183,    1.600050800102));
#2513 = DIRECTION('',(0.,0.,1.));
#2514 = DIRECTION('',(1.,1.110223024625E-16,-0.));
#2515 = ORIENTED_EDGE('',*,*,#2516,.F.);
#2516 = EDGE_CURVE('',#2517,#2508,#2519,.T.);
#2517 = VERTEX_POINT('',#2518);
#2518 = CARTESIAN_POINT('',(12.200024130048,45.720091440183,0.));
#2519 = LINE('',#2520,#2521);
#2520 = CARTESIAN_POINT('',(12.200024130048,45.720091440183,0.));
#2521 = VECTOR('',#2522,1.);
#2522 = DIRECTION('',(0.,0.,1.));
#2523 = ORIENTED_EDGE('',*,*,#2524,.F.);
#2524 = EDGE_CURVE('',#2498,#2517,#2525,.T.);
#2525 = CIRCLE('',#2526,0.500001270003);
#2526 = AXIS2_PLACEMENT_3D('',#2527,#2528,#2529);
#2527 = CARTESIAN_POINT('',(12.700025400051,45.720091440183,0.));
#2528 = DIRECTION('',(0.,0.,1.));
#2529 = DIRECTION('',(1.,1.110223024625E-16,-0.));
#2530 = CYLINDRICAL_SURFACE('',#2531,0.500001270003);
#2531 = AXIS2_PLACEMENT_3D('',#2532,#2533,#2534);
#2532 = CARTESIAN_POINT('',(12.700025400051,45.720091440183,0.));
#2533 = DIRECTION('',(-0.,-0.,-1.));
#2534 = DIRECTION('',(1.,1.110223024625E-16,-0.));
#2535 = ADVANCED_FACE('',(#2536),#2554,.F.);
#2536 = FACE_BOUND('',#2537,.T.);
#2537 = EDGE_LOOP('',(#2538,#2539,#2546,#2547));
#2538 = ORIENTED_EDGE('',*,*,#2516,.T.);
#2539 = ORIENTED_EDGE('',*,*,#2540,.T.);
#2540 = EDGE_CURVE('',#2508,#2500,#2541,.T.);
#2541 = CIRCLE('',#2542,0.500001270003);
#2542 = AXIS2_PLACEMENT_3D('',#2543,#2544,#2545);
#2543 = CARTESIAN_POINT('',(12.700025400051,45.720091440183,    1.600050800102));
#2544 = DIRECTION('',(0.,0.,1.));
#2545 = DIRECTION('',(-1.,-1.110223024625E-16,0.));
#2546 = ORIENTED_EDGE('',*,*,#2497,.F.);
#2547 = ORIENTED_EDGE('',*,*,#2548,.F.);
#2548 = EDGE_CURVE('',#2517,#2498,#2549,.T.);
#2549 = CIRCLE('',#2550,0.500001270003);
#2550 = AXIS2_PLACEMENT_3D('',#2551,#2552,#2553);
#2551 = CARTESIAN_POINT('',(12.700025400051,45.720091440183,0.));
#2552 = DIRECTION('',(0.,0.,1.));
#2553 = DIRECTION('',(-1.,-1.110223024625E-16,0.));
#2554 = CYLINDRICAL_SURFACE('',#2555,0.500001270003);
#2555 = AXIS2_PLACEMENT_3D('',#2556,#2557,#2558);
#2556 = CARTESIAN_POINT('',(12.700025400051,45.720091440183,0.));
#2557 = DIRECTION('',(-0.,-0.,-1.));
#2558 = DIRECTION('',(-1.,-1.110223024625E-16,0.));
#2559 = ADVANCED_FACE('',(#2560),#2596,.F.);
#2560 = FACE_BOUND('',#2561,.T.);
#2561 = EDGE_LOOP('',(#2562,#2572,#2581,#2589));
#2562 = ORIENTED_EDGE('',*,*,#2563,.T.);
#2563 = EDGE_CURVE('',#2564,#2566,#2568,.T.);
#2564 = VERTEX_POINT('',#2565);
#2565 = CARTESIAN_POINT('',(13.200026670053,43.180086360173,0.));
#2566 = VERTEX_POINT('',#2567);
#2567 = CARTESIAN_POINT('',(13.200026670053,43.180086360173,    1.600050800102));
#2568 = LINE('',#2569,#2570);
#2569 = CARTESIAN_POINT('',(13.200026670053,43.180086360173,0.));
#2570 = VECTOR('',#2571,1.);
#2571 = DIRECTION('',(0.,0.,1.));
#2572 = ORIENTED_EDGE('',*,*,#2573,.T.);
#2573 = EDGE_CURVE('',#2566,#2574,#2576,.T.);
#2574 = VERTEX_POINT('',#2575);
#2575 = CARTESIAN_POINT('',(12.200024130048,43.180086360173,    1.600050800102));
#2576 = CIRCLE('',#2577,0.500001270003);
#2577 = AXIS2_PLACEMENT_3D('',#2578,#2579,#2580);
#2578 = CARTESIAN_POINT('',(12.700025400051,43.180086360173,    1.600050800102));
#2579 = DIRECTION('',(0.,0.,1.));
#2580 = DIRECTION('',(1.,1.110223024625E-16,-0.));
#2581 = ORIENTED_EDGE('',*,*,#2582,.F.);
#2582 = EDGE_CURVE('',#2583,#2574,#2585,.T.);
#2583 = VERTEX_POINT('',#2584);
#2584 = CARTESIAN_POINT('',(12.200024130048,43.180086360173,0.));
#2585 = LINE('',#2586,#2587);
#2586 = CARTESIAN_POINT('',(12.200024130048,43.180086360173,0.));
#2587 = VECTOR('',#2588,1.);
#2588 = DIRECTION('',(0.,0.,1.));
#2589 = ORIENTED_EDGE('',*,*,#2590,.F.);
#2590 = EDGE_CURVE('',#2564,#2583,#2591,.T.);
#2591 = CIRCLE('',#2592,0.500001270003);
#2592 = AXIS2_PLACEMENT_3D('',#2593,#2594,#2595);
#2593 = CARTESIAN_POINT('',(12.700025400051,43.180086360173,0.));
#2594 = DIRECTION('',(0.,0.,1.));
#2595 = DIRECTION('',(1.,1.110223024625E-16,-0.));
#2596 = CYLINDRICAL_SURFACE('',#2597,0.500001270003);
#2597 = AXIS2_PLACEMENT_3D('',#2598,#2599,#2600);
#2598 = CARTESIAN_POINT('',(12.700025400051,43.180086360173,0.));
#2599 = DIRECTION('',(-0.,-0.,-1.));
#2600 = DIRECTION('',(1.,1.110223024625E-16,-0.));
#2601 = ADVANCED_FACE('',(#2602),#2620,.F.);
#2602 = FACE_BOUND('',#2603,.T.);
#2603 = EDGE_LOOP('',(#2604,#2605,#2612,#2613));
#2604 = ORIENTED_EDGE('',*,*,#2582,.T.);
#2605 = ORIENTED_EDGE('',*,*,#2606,.T.);
#2606 = EDGE_CURVE('',#2574,#2566,#2607,.T.);
#2607 = CIRCLE('',#2608,0.500001270003);
#2608 = AXIS2_PLACEMENT_3D('',#2609,#2610,#2611);
#2609 = CARTESIAN_POINT('',(12.700025400051,43.180086360173,    1.600050800102));
#2610 = DIRECTION('',(0.,0.,1.));
#2611 = DIRECTION('',(-1.,-1.110223024625E-16,0.));
#2612 = ORIENTED_EDGE('',*,*,#2563,.F.);
#2613 = ORIENTED_EDGE('',*,*,#2614,.F.);
#2614 = EDGE_CURVE('',#2583,#2564,#2615,.T.);
#2615 = CIRCLE('',#2616,0.500001270003);
#2616 = AXIS2_PLACEMENT_3D('',#2617,#2618,#2619);
#2617 = CARTESIAN_POINT('',(12.700025400051,43.180086360173,0.));
#2618 = DIRECTION('',(0.,0.,1.));
#2619 = DIRECTION('',(-1.,-1.110223024625E-16,0.));
#2620 = CYLINDRICAL_SURFACE('',#2621,0.500001270003);
#2621 = AXIS2_PLACEMENT_3D('',#2622,#2623,#2624);
#2622 = CARTESIAN_POINT('',(12.700025400051,43.180086360173,0.));
#2623 = DIRECTION('',(-0.,-0.,-1.));
#2624 = DIRECTION('',(-1.,-1.110223024625E-16,0.));
#2625 = ADVANCED_FACE('',(#2626),#2662,.F.);
#2626 = FACE_BOUND('',#2627,.T.);
#2627 = EDGE_LOOP('',(#2628,#2638,#2647,#2655));
#2628 = ORIENTED_EDGE('',*,*,#2629,.T.);
#2629 = EDGE_CURVE('',#2630,#2632,#2634,.T.);
#2630 = VERTEX_POINT('',#2631);
#2631 = CARTESIAN_POINT('',(13.200026670053,33.020066040132,0.));
#2632 = VERTEX_POINT('',#2633);
#2633 = CARTESIAN_POINT('',(13.200026670053,33.020066040132,    1.600050800102));
#2634 = LINE('',#2635,#2636);
#2635 = CARTESIAN_POINT('',(13.200026670053,33.020066040132,0.));
#2636 = VECTOR('',#2637,1.);
#2637 = DIRECTION('',(0.,0.,1.));
#2638 = ORIENTED_EDGE('',*,*,#2639,.T.);
#2639 = EDGE_CURVE('',#2632,#2640,#2642,.T.);
#2640 = VERTEX_POINT('',#2641);
#2641 = CARTESIAN_POINT('',(12.200024130048,33.020066040132,    1.600050800102));
#2642 = CIRCLE('',#2643,0.500001270003);
#2643 = AXIS2_PLACEMENT_3D('',#2644,#2645,#2646);
#2644 = CARTESIAN_POINT('',(12.700025400051,33.020066040132,    1.600050800102));
#2645 = DIRECTION('',(0.,0.,1.));
#2646 = DIRECTION('',(1.,1.110223024625E-16,-0.));
#2647 = ORIENTED_EDGE('',*,*,#2648,.F.);
#2648 = EDGE_CURVE('',#2649,#2640,#2651,.T.);
#2649 = VERTEX_POINT('',#2650);
#2650 = CARTESIAN_POINT('',(12.200024130048,33.020066040132,0.));
#2651 = LINE('',#2652,#2653);
#2652 = CARTESIAN_POINT('',(12.200024130048,33.020066040132,0.));
#2653 = VECTOR('',#2654,1.);
#2654 = DIRECTION('',(0.,0.,1.));
#2655 = ORIENTED_EDGE('',*,*,#2656,.F.);
#2656 = EDGE_CURVE('',#2630,#2649,#2657,.T.);
#2657 = CIRCLE('',#2658,0.500001270003);
#2658 = AXIS2_PLACEMENT_3D('',#2659,#2660,#2661);
#2659 = CARTESIAN_POINT('',(12.700025400051,33.020066040132,0.));
#2660 = DIRECTION('',(0.,0.,1.));
#2661 = DIRECTION('',(1.,1.110223024625E-16,-0.));
#2662 = CYLINDRICAL_SURFACE('',#2663,0.500001270003);
#2663 = AXIS2_PLACEMENT_3D('',#2664,#2665,#2666);
#2664 = CARTESIAN_POINT('',(12.700025400051,33.020066040132,0.));
#2665 = DIRECTION('',(-0.,-0.,-1.));
#2666 = DIRECTION('',(1.,1.110223024625E-16,-0.));
#2667 = ADVANCED_FACE('',(#2668),#2686,.F.);
#2668 = FACE_BOUND('',#2669,.T.);
#2669 = EDGE_LOOP('',(#2670,#2671,#2678,#2679));
#2670 = ORIENTED_EDGE('',*,*,#2648,.T.);
#2671 = ORIENTED_EDGE('',*,*,#2672,.T.);
#2672 = EDGE_CURVE('',#2640,#2632,#2673,.T.);
#2673 = CIRCLE('',#2674,0.500001270003);
#2674 = AXIS2_PLACEMENT_3D('',#2675,#2676,#2677);
#2675 = CARTESIAN_POINT('',(12.700025400051,33.020066040132,    1.600050800102));
#2676 = DIRECTION('',(0.,0.,1.));
#2677 = DIRECTION('',(-1.,-1.110223024625E-16,0.));
#2678 = ORIENTED_EDGE('',*,*,#2629,.F.);
#2679 = ORIENTED_EDGE('',*,*,#2680,.F.);
#2680 = EDGE_CURVE('',#2649,#2630,#2681,.T.);
#2681 = CIRCLE('',#2682,0.500001270003);
#2682 = AXIS2_PLACEMENT_3D('',#2683,#2684,#2685);
#2683 = CARTESIAN_POINT('',(12.700025400051,33.020066040132,0.));
#2684 = DIRECTION('',(0.,0.,1.));
#2685 = DIRECTION('',(-1.,-1.110223024625E-16,0.));
#2686 = CYLINDRICAL_SURFACE('',#2687,0.500001270003);
#2687 = AXIS2_PLACEMENT_3D('',#2688,#2689,#2690);
#2688 = CARTESIAN_POINT('',(12.700025400051,33.020066040132,0.));
#2689 = DIRECTION('',(-0.,-0.,-1.));
#2690 = DIRECTION('',(-1.,-1.110223024625E-16,0.));
#2691 = ADVANCED_FACE('',(#2692),#2728,.F.);
#2692 = FACE_BOUND('',#2693,.T.);
#2693 = EDGE_LOOP('',(#2694,#2704,#2713,#2721));
#2694 = ORIENTED_EDGE('',*,*,#2695,.T.);
#2695 = EDGE_CURVE('',#2696,#2698,#2700,.T.);
#2696 = VERTEX_POINT('',#2697);
#2697 = CARTESIAN_POINT('',(13.200026670053,27.940055880112,0.));
#2698 = VERTEX_POINT('',#2699);
#2699 = CARTESIAN_POINT('',(13.200026670053,27.940055880112,    1.600050800102));
#2700 = LINE('',#2701,#2702);
#2701 = CARTESIAN_POINT('',(13.200026670053,27.940055880112,0.));
#2702 = VECTOR('',#2703,1.);
#2703 = DIRECTION('',(0.,0.,1.));
#2704 = ORIENTED_EDGE('',*,*,#2705,.T.);
#2705 = EDGE_CURVE('',#2698,#2706,#2708,.T.);
#2706 = VERTEX_POINT('',#2707);
#2707 = CARTESIAN_POINT('',(12.200024130048,27.940055880112,    1.600050800102));
#2708 = CIRCLE('',#2709,0.500001270003);
#2709 = AXIS2_PLACEMENT_3D('',#2710,#2711,#2712);
#2710 = CARTESIAN_POINT('',(12.700025400051,27.940055880112,    1.600050800102));
#2711 = DIRECTION('',(0.,0.,1.));
#2712 = DIRECTION('',(1.,1.110223024625E-16,-0.));
#2713 = ORIENTED_EDGE('',*,*,#2714,.F.);
#2714 = EDGE_CURVE('',#2715,#2706,#2717,.T.);
#2715 = VERTEX_POINT('',#2716);
#2716 = CARTESIAN_POINT('',(12.200024130048,27.940055880112,0.));
#2717 = LINE('',#2718,#2719);
#2718 = CARTESIAN_POINT('',(12.200024130048,27.940055880112,0.));
#2719 = VECTOR('',#2720,1.);
#2720 = DIRECTION('',(0.,0.,1.));
#2721 = ORIENTED_EDGE('',*,*,#2722,.F.);
#2722 = EDGE_CURVE('',#2696,#2715,#2723,.T.);
#2723 = CIRCLE('',#2724,0.500001270003);
#2724 = AXIS2_PLACEMENT_3D('',#2725,#2726,#2727);
#2725 = CARTESIAN_POINT('',(12.700025400051,27.940055880112,0.));
#2726 = DIRECTION('',(0.,0.,1.));
#2727 = DIRECTION('',(1.,1.110223024625E-16,-0.));
#2728 = CYLINDRICAL_SURFACE('',#2729,0.500001270003);
#2729 = AXIS2_PLACEMENT_3D('',#2730,#2731,#2732);
#2730 = CARTESIAN_POINT('',(12.700025400051,27.940055880112,0.));
#2731 = DIRECTION('',(-0.,-0.,-1.));
#2732 = DIRECTION('',(1.,1.110223024625E-16,-0.));
#2733 = ADVANCED_FACE('',(#2734),#2752,.F.);
#2734 = FACE_BOUND('',#2735,.T.);
#2735 = EDGE_LOOP('',(#2736,#2737,#2744,#2745));
#2736 = ORIENTED_EDGE('',*,*,#2714,.T.);
#2737 = ORIENTED_EDGE('',*,*,#2738,.T.);
#2738 = EDGE_CURVE('',#2706,#2698,#2739,.T.);
#2739 = CIRCLE('',#2740,0.500001270003);
#2740 = AXIS2_PLACEMENT_3D('',#2741,#2742,#2743);
#2741 = CARTESIAN_POINT('',(12.700025400051,27.940055880112,    1.600050800102));
#2742 = DIRECTION('',(0.,0.,1.));
#2743 = DIRECTION('',(-1.,-1.110223024625E-16,0.));
#2744 = ORIENTED_EDGE('',*,*,#2695,.F.);
#2745 = ORIENTED_EDGE('',*,*,#2746,.F.);
#2746 = EDGE_CURVE('',#2715,#2696,#2747,.T.);
#2747 = CIRCLE('',#2748,0.500001270003);
#2748 = AXIS2_PLACEMENT_3D('',#2749,#2750,#2751);
#2749 = CARTESIAN_POINT('',(12.700025400051,27.940055880112,0.));
#2750 = DIRECTION('',(0.,0.,1.));
#2751 = DIRECTION('',(-1.,-1.110223024625E-16,0.));
#2752 = CYLINDRICAL_SURFACE('',#2753,0.500001270003);
#2753 = AXIS2_PLACEMENT_3D('',#2754,#2755,#2756);
#2754 = CARTESIAN_POINT('',(12.700025400051,27.940055880112,0.));
#2755 = DIRECTION('',(-0.,-0.,-1.));
#2756 = DIRECTION('',(-1.,-1.110223024625E-16,0.));
#2757 = ADVANCED_FACE('',(#2758),#2794,.F.);
#2758 = FACE_BOUND('',#2759,.T.);
#2759 = EDGE_LOOP('',(#2760,#2770,#2779,#2787));
#2760 = ORIENTED_EDGE('',*,*,#2761,.T.);
#2761 = EDGE_CURVE('',#2762,#2764,#2766,.T.);
#2762 = VERTEX_POINT('',#2763);
#2763 = CARTESIAN_POINT('',(13.200026670053,30.480060960122,0.));
#2764 = VERTEX_POINT('',#2765);
#2765 = CARTESIAN_POINT('',(13.200026670053,30.480060960122,    1.600050800102));
#2766 = LINE('',#2767,#2768);
#2767 = CARTESIAN_POINT('',(13.200026670053,30.480060960122,0.));
#2768 = VECTOR('',#2769,1.);
#2769 = DIRECTION('',(0.,0.,1.));
#2770 = ORIENTED_EDGE('',*,*,#2771,.T.);
#2771 = EDGE_CURVE('',#2764,#2772,#2774,.T.);
#2772 = VERTEX_POINT('',#2773);
#2773 = CARTESIAN_POINT('',(12.200024130048,30.480060960122,    1.600050800102));
#2774 = CIRCLE('',#2775,0.500001270003);
#2775 = AXIS2_PLACEMENT_3D('',#2776,#2777,#2778);
#2776 = CARTESIAN_POINT('',(12.700025400051,30.480060960122,    1.600050800102));
#2777 = DIRECTION('',(0.,0.,1.));
#2778 = DIRECTION('',(1.,1.110223024625E-16,-0.));
#2779 = ORIENTED_EDGE('',*,*,#2780,.F.);
#2780 = EDGE_CURVE('',#2781,#2772,#2783,.T.);
#2781 = VERTEX_POINT('',#2782);
#2782 = CARTESIAN_POINT('',(12.200024130048,30.480060960122,0.));
#2783 = LINE('',#2784,#2785);
#2784 = CARTESIAN_POINT('',(12.200024130048,30.480060960122,0.));
#2785 = VECTOR('',#2786,1.);
#2786 = DIRECTION('',(0.,0.,1.));
#2787 = ORIENTED_EDGE('',*,*,#2788,.F.);
#2788 = EDGE_CURVE('',#2762,#2781,#2789,.T.);
#2789 = CIRCLE('',#2790,0.500001270003);
#2790 = AXIS2_PLACEMENT_3D('',#2791,#2792,#2793);
#2791 = CARTESIAN_POINT('',(12.700025400051,30.480060960122,0.));
#2792 = DIRECTION('',(0.,0.,1.));
#2793 = DIRECTION('',(1.,1.110223024625E-16,-0.));
#2794 = CYLINDRICAL_SURFACE('',#2795,0.500001270003);
#2795 = AXIS2_PLACEMENT_3D('',#2796,#2797,#2798);
#2796 = CARTESIAN_POINT('',(12.700025400051,30.480060960122,0.));
#2797 = DIRECTION('',(-0.,-0.,-1.));
#2798 = DIRECTION('',(1.,1.110223024625E-16,-0.));
#2799 = ADVANCED_FACE('',(#2800),#2818,.F.);
#2800 = FACE_BOUND('',#2801,.T.);
#2801 = EDGE_LOOP('',(#2802,#2803,#2810,#2811));
#2802 = ORIENTED_EDGE('',*,*,#2780,.T.);
#2803 = ORIENTED_EDGE('',*,*,#2804,.T.);
#2804 = EDGE_CURVE('',#2772,#2764,#2805,.T.);
#2805 = CIRCLE('',#2806,0.500001270003);
#2806 = AXIS2_PLACEMENT_3D('',#2807,#2808,#2809);
#2807 = CARTESIAN_POINT('',(12.700025400051,30.480060960122,    1.600050800102));
#2808 = DIRECTION('',(0.,0.,1.));
#2809 = DIRECTION('',(-1.,-1.110223024625E-16,0.));
#2810 = ORIENTED_EDGE('',*,*,#2761,.F.);
#2811 = ORIENTED_EDGE('',*,*,#2812,.F.);
#2812 = EDGE_CURVE('',#2781,#2762,#2813,.T.);
#2813 = CIRCLE('',#2814,0.500001270003);
#2814 = AXIS2_PLACEMENT_3D('',#2815,#2816,#2817);
#2815 = CARTESIAN_POINT('',(12.700025400051,30.480060960122,0.));
#2816 = DIRECTION('',(0.,0.,1.));
#2817 = DIRECTION('',(-1.,-1.110223024625E-16,0.));
#2818 = CYLINDRICAL_SURFACE('',#2819,0.500001270003);
#2819 = AXIS2_PLACEMENT_3D('',#2820,#2821,#2822);
#2820 = CARTESIAN_POINT('',(12.700025400051,30.480060960122,0.));
#2821 = DIRECTION('',(-0.,-0.,-1.));
#2822 = DIRECTION('',(-1.,-1.110223024625E-16,0.));
#2823 = ADVANCED_FACE('',(#2824),#2860,.F.);
#2824 = FACE_BOUND('',#2825,.T.);
#2825 = EDGE_LOOP('',(#2826,#2836,#2845,#2853));
#2826 = ORIENTED_EDGE('',*,*,#2827,.T.);
#2827 = EDGE_CURVE('',#2828,#2830,#2832,.T.);
#2828 = VERTEX_POINT('',#2829);
#2829 = CARTESIAN_POINT('',(13.200026670053,22.860045720091,0.));
#2830 = VERTEX_POINT('',#2831);
#2831 = CARTESIAN_POINT('',(13.200026670053,22.860045720091,    1.600050800102));
#2832 = LINE('',#2833,#2834);
#2833 = CARTESIAN_POINT('',(13.200026670053,22.860045720091,0.));
#2834 = VECTOR('',#2835,1.);
#2835 = DIRECTION('',(0.,0.,1.));
#2836 = ORIENTED_EDGE('',*,*,#2837,.T.);
#2837 = EDGE_CURVE('',#2830,#2838,#2840,.T.);
#2838 = VERTEX_POINT('',#2839);
#2839 = CARTESIAN_POINT('',(12.200024130048,22.860045720091,    1.600050800102));
#2840 = CIRCLE('',#2841,0.500001270003);
#2841 = AXIS2_PLACEMENT_3D('',#2842,#2843,#2844);
#2842 = CARTESIAN_POINT('',(12.700025400051,22.860045720091,    1.600050800102));
#2843 = DIRECTION('',(0.,0.,1.));
#2844 = DIRECTION('',(1.,1.110223024625E-16,-0.));
#2845 = ORIENTED_EDGE('',*,*,#2846,.F.);
#2846 = EDGE_CURVE('',#2847,#2838,#2849,.T.);
#2847 = VERTEX_POINT('',#2848);
#2848 = CARTESIAN_POINT('',(12.200024130048,22.860045720091,0.));
#2849 = LINE('',#2850,#2851);
#2850 = CARTESIAN_POINT('',(12.200024130048,22.860045720091,0.));
#2851 = VECTOR('',#2852,1.);
#2852 = DIRECTION('',(0.,0.,1.));
#2853 = ORIENTED_EDGE('',*,*,#2854,.F.);
#2854 = EDGE_CURVE('',#2828,#2847,#2855,.T.);
#2855 = CIRCLE('',#2856,0.500001270003);
#2856 = AXIS2_PLACEMENT_3D('',#2857,#2858,#2859);
#2857 = CARTESIAN_POINT('',(12.700025400051,22.860045720091,0.));
#2858 = DIRECTION('',(0.,0.,1.));
#2859 = DIRECTION('',(1.,1.110223024625E-16,-0.));
#2860 = CYLINDRICAL_SURFACE('',#2861,0.500001270003);
#2861 = AXIS2_PLACEMENT_3D('',#2862,#2863,#2864);
#2862 = CARTESIAN_POINT('',(12.700025400051,22.860045720091,0.));
#2863 = DIRECTION('',(-0.,-0.,-1.));
#2864 = DIRECTION('',(1.,1.110223024625E-16,-0.));
#2865 = ADVANCED_FACE('',(#2866),#2884,.F.);
#2866 = FACE_BOUND('',#2867,.T.);
#2867 = EDGE_LOOP('',(#2868,#2869,#2876,#2877));
#2868 = ORIENTED_EDGE('',*,*,#2846,.T.);
#2869 = ORIENTED_EDGE('',*,*,#2870,.T.);
#2870 = EDGE_CURVE('',#2838,#2830,#2871,.T.);
#2871 = CIRCLE('',#2872,0.500001270003);
#2872 = AXIS2_PLACEMENT_3D('',#2873,#2874,#2875);
#2873 = CARTESIAN_POINT('',(12.700025400051,22.860045720091,    1.600050800102));
#2874 = DIRECTION('',(0.,0.,1.));
#2875 = DIRECTION('',(-1.,-1.110223024625E-16,0.));
#2876 = ORIENTED_EDGE('',*,*,#2827,.F.);
#2877 = ORIENTED_EDGE('',*,*,#2878,.F.);
#2878 = EDGE_CURVE('',#2847,#2828,#2879,.T.);
#2879 = CIRCLE('',#2880,0.500001270003);
#2880 = AXIS2_PLACEMENT_3D('',#2881,#2882,#2883);
#2881 = CARTESIAN_POINT('',(12.700025400051,22.860045720091,0.));
#2882 = DIRECTION('',(0.,0.,1.));
#2883 = DIRECTION('',(-1.,-1.110223024625E-16,0.));
#2884 = CYLINDRICAL_SURFACE('',#2885,0.500001270003);
#2885 = AXIS2_PLACEMENT_3D('',#2886,#2887,#2888);
#2886 = CARTESIAN_POINT('',(12.700025400051,22.860045720091,0.));
#2887 = DIRECTION('',(-0.,-0.,-1.));
#2888 = DIRECTION('',(-1.,-1.110223024625E-16,0.));
#2889 = ADVANCED_FACE('',(#2890),#2926,.F.);
#2890 = FACE_BOUND('',#2891,.T.);
#2891 = EDGE_LOOP('',(#2892,#2902,#2911,#2919));
#2892 = ORIENTED_EDGE('',*,*,#2893,.T.);
#2893 = EDGE_CURVE('',#2894,#2896,#2898,.T.);
#2894 = VERTEX_POINT('',#2895);
#2895 = CARTESIAN_POINT('',(13.200026670053,25.400050800102,0.));
#2896 = VERTEX_POINT('',#2897);
#2897 = CARTESIAN_POINT('',(13.200026670053,25.400050800102,    1.600050800102));
#2898 = LINE('',#2899,#2900);
#2899 = CARTESIAN_POINT('',(13.200026670053,25.400050800102,0.));
#2900 = VECTOR('',#2901,1.);
#2901 = DIRECTION('',(0.,0.,1.));
#2902 = ORIENTED_EDGE('',*,*,#2903,.T.);
#2903 = EDGE_CURVE('',#2896,#2904,#2906,.T.);
#2904 = VERTEX_POINT('',#2905);
#2905 = CARTESIAN_POINT('',(12.200024130048,25.400050800102,    1.600050800102));
#2906 = CIRCLE('',#2907,0.500001270003);
#2907 = AXIS2_PLACEMENT_3D('',#2908,#2909,#2910);
#2908 = CARTESIAN_POINT('',(12.700025400051,25.400050800102,    1.600050800102));
#2909 = DIRECTION('',(0.,0.,1.));
#2910 = DIRECTION('',(1.,1.110223024625E-16,-0.));
#2911 = ORIENTED_EDGE('',*,*,#2912,.F.);
#2912 = EDGE_CURVE('',#2913,#2904,#2915,.T.);
#2913 = VERTEX_POINT('',#2914);
#2914 = CARTESIAN_POINT('',(12.200024130048,25.400050800102,0.));
#2915 = LINE('',#2916,#2917);
#2916 = CARTESIAN_POINT('',(12.200024130048,25.400050800102,0.));
#2917 = VECTOR('',#2918,1.);
#2918 = DIRECTION('',(0.,0.,1.));
#2919 = ORIENTED_EDGE('',*,*,#2920,.F.);
#2920 = EDGE_CURVE('',#2894,#2913,#2921,.T.);
#2921 = CIRCLE('',#2922,0.500001270003);
#2922 = AXIS2_PLACEMENT_3D('',#2923,#2924,#2925);
#2923 = CARTESIAN_POINT('',(12.700025400051,25.400050800102,0.));
#2924 = DIRECTION('',(0.,0.,1.));
#2925 = DIRECTION('',(1.,1.110223024625E-16,-0.));
#2926 = CYLINDRICAL_SURFACE('',#2927,0.500001270003);
#2927 = AXIS2_PLACEMENT_3D('',#2928,#2929,#2930);
#2928 = CARTESIAN_POINT('',(12.700025400051,25.400050800102,0.));
#2929 = DIRECTION('',(-0.,-0.,-1.));
#2930 = DIRECTION('',(1.,1.110223024625E-16,-0.));
#2931 = ADVANCED_FACE('',(#2932),#2950,.F.);
#2932 = FACE_BOUND('',#2933,.T.);
#2933 = EDGE_LOOP('',(#2934,#2935,#2942,#2943));
#2934 = ORIENTED_EDGE('',*,*,#2912,.T.);
#2935 = ORIENTED_EDGE('',*,*,#2936,.T.);
#2936 = EDGE_CURVE('',#2904,#2896,#2937,.T.);
#2937 = CIRCLE('',#2938,0.500001270003);
#2938 = AXIS2_PLACEMENT_3D('',#2939,#2940,#2941);
#2939 = CARTESIAN_POINT('',(12.700025400051,25.400050800102,    1.600050800102));
#2940 = DIRECTION('',(0.,0.,1.));
#2941 = DIRECTION('',(-1.,-1.110223024625E-16,0.));
#2942 = ORIENTED_EDGE('',*,*,#2893,.F.);
#2943 = ORIENTED_EDGE('',*,*,#2944,.F.);
#2944 = EDGE_CURVE('',#2913,#2894,#2945,.T.);
#2945 = CIRCLE('',#2946,0.500001270003);
#2946 = AXIS2_PLACEMENT_3D('',#2947,#2948,#2949);
#2947 = CARTESIAN_POINT('',(12.700025400051,25.400050800102,0.));
#2948 = DIRECTION('',(0.,0.,1.));
#2949 = DIRECTION('',(-1.,-1.110223024625E-16,0.));
#2950 = CYLINDRICAL_SURFACE('',#2951,0.500001270003);
#2951 = AXIS2_PLACEMENT_3D('',#2952,#2953,#2954);
#2952 = CARTESIAN_POINT('',(12.700025400051,25.400050800102,0.));
#2953 = DIRECTION('',(-0.,-0.,-1.));
#2954 = DIRECTION('',(-1.,-1.110223024625E-16,0.));
#2955 = ADVANCED_FACE('',(#2956),#2992,.F.);
#2956 = FACE_BOUND('',#2957,.T.);
#2957 = EDGE_LOOP('',(#2958,#2968,#2977,#2985));
#2958 = ORIENTED_EDGE('',*,*,#2959,.T.);
#2959 = EDGE_CURVE('',#2960,#2962,#2964,.T.);
#2960 = VERTEX_POINT('',#2961);
#2961 = CARTESIAN_POINT('',(13.200026670053,17.780035560071,0.));
#2962 = VERTEX_POINT('',#2963);
#2963 = CARTESIAN_POINT('',(13.200026670053,17.780035560071,    1.600050800102));
#2964 = LINE('',#2965,#2966);
#2965 = CARTESIAN_POINT('',(13.200026670053,17.780035560071,0.));
#2966 = VECTOR('',#2967,1.);
#2967 = DIRECTION('',(0.,0.,1.));
#2968 = ORIENTED_EDGE('',*,*,#2969,.T.);
#2969 = EDGE_CURVE('',#2962,#2970,#2972,.T.);
#2970 = VERTEX_POINT('',#2971);
#2971 = CARTESIAN_POINT('',(12.200024130048,17.780035560071,    1.600050800102));
#2972 = CIRCLE('',#2973,0.500001270003);
#2973 = AXIS2_PLACEMENT_3D('',#2974,#2975,#2976);
#2974 = CARTESIAN_POINT('',(12.700025400051,17.780035560071,    1.600050800102));
#2975 = DIRECTION('',(0.,0.,1.));
#2976 = DIRECTION('',(1.,1.110223024625E-16,-0.));
#2977 = ORIENTED_EDGE('',*,*,#2978,.F.);
#2978 = EDGE_CURVE('',#2979,#2970,#2981,.T.);
#2979 = VERTEX_POINT('',#2980);
#2980 = CARTESIAN_POINT('',(12.200024130048,17.780035560071,0.));
#2981 = LINE('',#2982,#2983);
#2982 = CARTESIAN_POINT('',(12.200024130048,17.780035560071,0.));
#2983 = VECTOR('',#2984,1.);
#2984 = DIRECTION('',(0.,0.,1.));
#2985 = ORIENTED_EDGE('',*,*,#2986,.F.);
#2986 = EDGE_CURVE('',#2960,#2979,#2987,.T.);
#2987 = CIRCLE('',#2988,0.500001270003);
#2988 = AXIS2_PLACEMENT_3D('',#2989,#2990,#2991);
#2989 = CARTESIAN_POINT('',(12.700025400051,17.780035560071,0.));
#2990 = DIRECTION('',(0.,0.,1.));
#2991 = DIRECTION('',(1.,1.110223024625E-16,-0.));
#2992 = CYLINDRICAL_SURFACE('',#2993,0.500001270003);
#2993 = AXIS2_PLACEMENT_3D('',#2994,#2995,#2996);
#2994 = CARTESIAN_POINT('',(12.700025400051,17.780035560071,0.));
#2995 = DIRECTION('',(-0.,-0.,-1.));
#2996 = DIRECTION('',(1.,1.110223024625E-16,-0.));
#2997 = ADVANCED_FACE('',(#2998),#3016,.F.);
#2998 = FACE_BOUND('',#2999,.T.);
#2999 = EDGE_LOOP('',(#3000,#3001,#3008,#3009));
#3000 = ORIENTED_EDGE('',*,*,#2978,.T.);
#3001 = ORIENTED_EDGE('',*,*,#3002,.T.);
#3002 = EDGE_CURVE('',#2970,#2962,#3003,.T.);
#3003 = CIRCLE('',#3004,0.500001270003);
#3004 = AXIS2_PLACEMENT_3D('',#3005,#3006,#3007);
#3005 = CARTESIAN_POINT('',(12.700025400051,17.780035560071,    1.600050800102));
#3006 = DIRECTION('',(0.,0.,1.));
#3007 = DIRECTION('',(-1.,-1.110223024625E-16,0.));
#3008 = ORIENTED_EDGE('',*,*,#2959,.F.);
#3009 = ORIENTED_EDGE('',*,*,#3010,.F.);
#3010 = EDGE_CURVE('',#2979,#2960,#3011,.T.);
#3011 = CIRCLE('',#3012,0.500001270003);
#3012 = AXIS2_PLACEMENT_3D('',#3013,#3014,#3015);
#3013 = CARTESIAN_POINT('',(12.700025400051,17.780035560071,0.));
#3014 = DIRECTION('',(0.,0.,1.));
#3015 = DIRECTION('',(-1.,-1.110223024625E-16,0.));
#3016 = CYLINDRICAL_SURFACE('',#3017,0.500001270003);
#3017 = AXIS2_PLACEMENT_3D('',#3018,#3019,#3020);
#3018 = CARTESIAN_POINT('',(12.700025400051,17.780035560071,0.));
#3019 = DIRECTION('',(-0.,-0.,-1.));
#3020 = DIRECTION('',(-1.,-1.110223024625E-16,0.));
#3021 = ADVANCED_FACE('',(#3022),#3058,.F.);
#3022 = FACE_BOUND('',#3023,.T.);
#3023 = EDGE_LOOP('',(#3024,#3034,#3043,#3051));
#3024 = ORIENTED_EDGE('',*,*,#3025,.T.);
#3025 = EDGE_CURVE('',#3026,#3028,#3030,.T.);
#3026 = VERTEX_POINT('',#3027);
#3027 = CARTESIAN_POINT('',(13.200026670053,20.320040640081,0.));
#3028 = VERTEX_POINT('',#3029);
#3029 = CARTESIAN_POINT('',(13.200026670053,20.320040640081,    1.600050800102));
#3030 = LINE('',#3031,#3032);
#3031 = CARTESIAN_POINT('',(13.200026670053,20.320040640081,0.));
#3032 = VECTOR('',#3033,1.);
#3033 = DIRECTION('',(0.,0.,1.));
#3034 = ORIENTED_EDGE('',*,*,#3035,.T.);
#3035 = EDGE_CURVE('',#3028,#3036,#3038,.T.);
#3036 = VERTEX_POINT('',#3037);
#3037 = CARTESIAN_POINT('',(12.200024130048,20.320040640081,    1.600050800102));
#3038 = CIRCLE('',#3039,0.500001270003);
#3039 = AXIS2_PLACEMENT_3D('',#3040,#3041,#3042);
#3040 = CARTESIAN_POINT('',(12.700025400051,20.320040640081,    1.600050800102));
#3041 = DIRECTION('',(0.,0.,1.));
#3042 = DIRECTION('',(1.,1.110223024625E-16,-0.));
#3043 = ORIENTED_EDGE('',*,*,#3044,.F.);
#3044 = EDGE_CURVE('',#3045,#3036,#3047,.T.);
#3045 = VERTEX_POINT('',#3046);
#3046 = CARTESIAN_POINT('',(12.200024130048,20.320040640081,0.));
#3047 = LINE('',#3048,#3049);
#3048 = CARTESIAN_POINT('',(12.200024130048,20.320040640081,0.));
#3049 = VECTOR('',#3050,1.);
#3050 = DIRECTION('',(0.,0.,1.));
#3051 = ORIENTED_EDGE('',*,*,#3052,.F.);
#3052 = EDGE_CURVE('',#3026,#3045,#3053,.T.);
#3053 = CIRCLE('',#3054,0.500001270003);
#3054 = AXIS2_PLACEMENT_3D('',#3055,#3056,#3057);
#3055 = CARTESIAN_POINT('',(12.700025400051,20.320040640081,0.));
#3056 = DIRECTION('',(0.,0.,1.));
#3057 = DIRECTION('',(1.,1.110223024625E-16,-0.));
#3058 = CYLINDRICAL_SURFACE('',#3059,0.500001270003);
#3059 = AXIS2_PLACEMENT_3D('',#3060,#3061,#3062);
#3060 = CARTESIAN_POINT('',(12.700025400051,20.320040640081,0.));
#3061 = DIRECTION('',(-0.,-0.,-1.));
#3062 = DIRECTION('',(1.,1.110223024625E-16,-0.));
#3063 = ADVANCED_FACE('',(#3064),#3082,.F.);
#3064 = FACE_BOUND('',#3065,.T.);
#3065 = EDGE_LOOP('',(#3066,#3067,#3074,#3075));
#3066 = ORIENTED_EDGE('',*,*,#3044,.T.);
#3067 = ORIENTED_EDGE('',*,*,#3068,.T.);
#3068 = EDGE_CURVE('',#3036,#3028,#3069,.T.);
#3069 = CIRCLE('',#3070,0.500001270003);
#3070 = AXIS2_PLACEMENT_3D('',#3071,#3072,#3073);
#3071 = CARTESIAN_POINT('',(12.700025400051,20.320040640081,    1.600050800102));
#3072 = DIRECTION('',(0.,0.,1.));
#3073 = DIRECTION('',(-1.,-1.110223024625E-16,0.));
#3074 = ORIENTED_EDGE('',*,*,#3025,.F.);
#3075 = ORIENTED_EDGE('',*,*,#3076,.F.);
#3076 = EDGE_CURVE('',#3045,#3026,#3077,.T.);
#3077 = CIRCLE('',#3078,0.500001270003);
#3078 = AXIS2_PLACEMENT_3D('',#3079,#3080,#3081);
#3079 = CARTESIAN_POINT('',(12.700025400051,20.320040640081,0.));
#3080 = DIRECTION('',(0.,0.,1.));
#3081 = DIRECTION('',(-1.,-1.110223024625E-16,0.));
#3082 = CYLINDRICAL_SURFACE('',#3083,0.500001270003);
#3083 = AXIS2_PLACEMENT_3D('',#3084,#3085,#3086);
#3084 = CARTESIAN_POINT('',(12.700025400051,20.320040640081,0.));
#3085 = DIRECTION('',(-0.,-0.,-1.));
#3086 = DIRECTION('',(-1.,-1.110223024625E-16,0.));
#3087 = ADVANCED_FACE('',(#3088),#3124,.F.);
#3088 = FACE_BOUND('',#3089,.T.);
#3089 = EDGE_LOOP('',(#3090,#3100,#3109,#3117));
#3090 = ORIENTED_EDGE('',*,*,#3091,.T.);
#3091 = EDGE_CURVE('',#3092,#3094,#3096,.T.);
#3092 = VERTEX_POINT('',#3093);
#3093 = CARTESIAN_POINT('',(13.200026670053,15.240030480061,0.));
#3094 = VERTEX_POINT('',#3095);
#3095 = CARTESIAN_POINT('',(13.200026670053,15.240030480061,    1.600050800102));
#3096 = LINE('',#3097,#3098);
#3097 = CARTESIAN_POINT('',(13.200026670053,15.240030480061,0.));
#3098 = VECTOR('',#3099,1.);
#3099 = DIRECTION('',(0.,0.,1.));
#3100 = ORIENTED_EDGE('',*,*,#3101,.T.);
#3101 = EDGE_CURVE('',#3094,#3102,#3104,.T.);
#3102 = VERTEX_POINT('',#3103);
#3103 = CARTESIAN_POINT('',(12.200024130048,15.240030480061,    1.600050800102));
#3104 = CIRCLE('',#3105,0.500001270003);
#3105 = AXIS2_PLACEMENT_3D('',#3106,#3107,#3108);
#3106 = CARTESIAN_POINT('',(12.700025400051,15.240030480061,    1.600050800102));
#3107 = DIRECTION('',(0.,0.,1.));
#3108 = DIRECTION('',(1.,1.110223024625E-16,-0.));
#3109 = ORIENTED_EDGE('',*,*,#3110,.F.);
#3110 = EDGE_CURVE('',#3111,#3102,#3113,.T.);
#3111 = VERTEX_POINT('',#3112);
#3112 = CARTESIAN_POINT('',(12.200024130048,15.240030480061,0.));
#3113 = LINE('',#3114,#3115);
#3114 = CARTESIAN_POINT('',(12.200024130048,15.240030480061,0.));
#3115 = VECTOR('',#3116,1.);
#3116 = DIRECTION('',(0.,0.,1.));
#3117 = ORIENTED_EDGE('',*,*,#3118,.F.);
#3118 = EDGE_CURVE('',#3092,#3111,#3119,.T.);
#3119 = CIRCLE('',#3120,0.500001270003);
#3120 = AXIS2_PLACEMENT_3D('',#3121,#3122,#3123);
#3121 = CARTESIAN_POINT('',(12.700025400051,15.240030480061,0.));
#3122 = DIRECTION('',(0.,0.,1.));
#3123 = DIRECTION('',(1.,1.110223024625E-16,-0.));
#3124 = CYLINDRICAL_SURFACE('',#3125,0.500001270003);
#3125 = AXIS2_PLACEMENT_3D('',#3126,#3127,#3128);
#3126 = CARTESIAN_POINT('',(12.700025400051,15.240030480061,0.));
#3127 = DIRECTION('',(-0.,-0.,-1.));
#3128 = DIRECTION('',(1.,1.110223024625E-16,-0.));
#3129 = ADVANCED_FACE('',(#3130),#3148,.F.);
#3130 = FACE_BOUND('',#3131,.T.);
#3131 = EDGE_LOOP('',(#3132,#3133,#3140,#3141));
#3132 = ORIENTED_EDGE('',*,*,#3110,.T.);
#3133 = ORIENTED_EDGE('',*,*,#3134,.T.);
#3134 = EDGE_CURVE('',#3102,#3094,#3135,.T.);
#3135 = CIRCLE('',#3136,0.500001270003);
#3136 = AXIS2_PLACEMENT_3D('',#3137,#3138,#3139);
#3137 = CARTESIAN_POINT('',(12.700025400051,15.240030480061,    1.600050800102));
#3138 = DIRECTION('',(0.,0.,1.));
#3139 = DIRECTION('',(-1.,-1.110223024625E-16,0.));
#3140 = ORIENTED_EDGE('',*,*,#3091,.F.);
#3141 = ORIENTED_EDGE('',*,*,#3142,.F.);
#3142 = EDGE_CURVE('',#3111,#3092,#3143,.T.);
#3143 = CIRCLE('',#3144,0.500001270003);
#3144 = AXIS2_PLACEMENT_3D('',#3145,#3146,#3147);
#3145 = CARTESIAN_POINT('',(12.700025400051,15.240030480061,0.));
#3146 = DIRECTION('',(0.,0.,1.));
#3147 = DIRECTION('',(-1.,-1.110223024625E-16,0.));
#3148 = CYLINDRICAL_SURFACE('',#3149,0.500001270003);
#3149 = AXIS2_PLACEMENT_3D('',#3150,#3151,#3152);
#3150 = CARTESIAN_POINT('',(12.700025400051,15.240030480061,0.));
#3151 = DIRECTION('',(-0.,-0.,-1.));
#3152 = DIRECTION('',(-1.,-1.110223024625E-16,0.));
#3153 = ADVANCED_FACE('',(#3154),#3190,.F.);
#3154 = FACE_BOUND('',#3155,.T.);
#3155 = EDGE_LOOP('',(#3156,#3166,#3175,#3183));
#3156 = ORIENTED_EDGE('',*,*,#3157,.T.);
#3157 = EDGE_CURVE('',#3158,#3160,#3162,.T.);
#3158 = VERTEX_POINT('',#3159);
#3159 = CARTESIAN_POINT('',(13.200026670053,12.700025400051,0.));
#3160 = VERTEX_POINT('',#3161);
#3161 = CARTESIAN_POINT('',(13.200026670053,12.700025400051,    1.600050800102));
#3162 = LINE('',#3163,#3164);
#3163 = CARTESIAN_POINT('',(13.200026670053,12.700025400051,0.));
#3164 = VECTOR('',#3165,1.);
#3165 = DIRECTION('',(0.,0.,1.));
#3166 = ORIENTED_EDGE('',*,*,#3167,.T.);
#3167 = EDGE_CURVE('',#3160,#3168,#3170,.T.);
#3168 = VERTEX_POINT('',#3169);
#3169 = CARTESIAN_POINT('',(12.200024130048,12.700025400051,    1.600050800102));
#3170 = CIRCLE('',#3171,0.500001270003);
#3171 = AXIS2_PLACEMENT_3D('',#3172,#3173,#3174);
#3172 = CARTESIAN_POINT('',(12.700025400051,12.700025400051,    1.600050800102));
#3173 = DIRECTION('',(0.,0.,1.));
#3174 = DIRECTION('',(1.,1.110223024625E-16,-0.));
#3175 = ORIENTED_EDGE('',*,*,#3176,.F.);
#3176 = EDGE_CURVE('',#3177,#3168,#3179,.T.);
#3177 = VERTEX_POINT('',#3178);
#3178 = CARTESIAN_POINT('',(12.200024130048,12.700025400051,0.));
#3179 = LINE('',#3180,#3181);
#3180 = CARTESIAN_POINT('',(12.200024130048,12.700025400051,0.));
#3181 = VECTOR('',#3182,1.);
#3182 = DIRECTION('',(0.,0.,1.));
#3183 = ORIENTED_EDGE('',*,*,#3184,.F.);
#3184 = EDGE_CURVE('',#3158,#3177,#3185,.T.);
#3185 = CIRCLE('',#3186,0.500001270003);
#3186 = AXIS2_PLACEMENT_3D('',#3187,#3188,#3189);
#3187 = CARTESIAN_POINT('',(12.700025400051,12.700025400051,0.));
#3188 = DIRECTION('',(0.,0.,1.));
#3189 = DIRECTION('',(1.,1.110223024625E-16,-0.));
#3190 = CYLINDRICAL_SURFACE('',#3191,0.500001270003);
#3191 = AXIS2_PLACEMENT_3D('',#3192,#3193,#3194);
#3192 = CARTESIAN_POINT('',(12.700025400051,12.700025400051,0.));
#3193 = DIRECTION('',(-0.,-0.,-1.));
#3194 = DIRECTION('',(1.,1.110223024625E-16,-0.));
#3195 = ADVANCED_FACE('',(#3196),#3214,.F.);
#3196 = FACE_BOUND('',#3197,.T.);
#3197 = EDGE_LOOP('',(#3198,#3199,#3206,#3207));
#3198 = ORIENTED_EDGE('',*,*,#3176,.T.);
#3199 = ORIENTED_EDGE('',*,*,#3200,.T.);
#3200 = EDGE_CURVE('',#3168,#3160,#3201,.T.);
#3201 = CIRCLE('',#3202,0.500001270003);
#3202 = AXIS2_PLACEMENT_3D('',#3203,#3204,#3205);
#3203 = CARTESIAN_POINT('',(12.700025400051,12.700025400051,    1.600050800102));
#3204 = DIRECTION('',(0.,0.,1.));
#3205 = DIRECTION('',(-1.,-1.110223024625E-16,0.));
#3206 = ORIENTED_EDGE('',*,*,#3157,.F.);
#3207 = ORIENTED_EDGE('',*,*,#3208,.F.);
#3208 = EDGE_CURVE('',#3177,#3158,#3209,.T.);
#3209 = CIRCLE('',#3210,0.500001270003);
#3210 = AXIS2_PLACEMENT_3D('',#3211,#3212,#3213);
#3211 = CARTESIAN_POINT('',(12.700025400051,12.700025400051,0.));
#3212 = DIRECTION('',(0.,0.,1.));
#3213 = DIRECTION('',(-1.,-1.110223024625E-16,0.));
#3214 = CYLINDRICAL_SURFACE('',#3215,0.500001270003);
#3215 = AXIS2_PLACEMENT_3D('',#3216,#3217,#3218);
#3216 = CARTESIAN_POINT('',(12.700025400051,12.700025400051,0.));
#3217 = DIRECTION('',(-0.,-0.,-1.));
#3218 = DIRECTION('',(-1.,-1.110223024625E-16,0.));
#3219 = ADVANCED_FACE('',(#3220),#3256,.F.);
#3220 = FACE_BOUND('',#3221,.T.);
#3221 = EDGE_LOOP('',(#3222,#3232,#3241,#3249));
#3222 = ORIENTED_EDGE('',*,*,#3223,.T.);
#3223 = EDGE_CURVE('',#3224,#3226,#3228,.T.);
#3224 = VERTEX_POINT('',#3225);
#3225 = CARTESIAN_POINT('',(13.200026670053,10.160020320041,0.));
#3226 = VERTEX_POINT('',#3227);
#3227 = CARTESIAN_POINT('',(13.200026670053,10.160020320041,    1.600050800102));
#3228 = LINE('',#3229,#3230);
#3229 = CARTESIAN_POINT('',(13.200026670053,10.160020320041,0.));
#3230 = VECTOR('',#3231,1.);
#3231 = DIRECTION('',(0.,0.,1.));
#3232 = ORIENTED_EDGE('',*,*,#3233,.T.);
#3233 = EDGE_CURVE('',#3226,#3234,#3236,.T.);
#3234 = VERTEX_POINT('',#3235);
#3235 = CARTESIAN_POINT('',(12.200024130048,10.160020320041,    1.600050800102));
#3236 = CIRCLE('',#3237,0.500001270003);
#3237 = AXIS2_PLACEMENT_3D('',#3238,#3239,#3240);
#3238 = CARTESIAN_POINT('',(12.700025400051,10.160020320041,    1.600050800102));
#3239 = DIRECTION('',(0.,0.,1.));
#3240 = DIRECTION('',(1.,1.110223024625E-16,-0.));
#3241 = ORIENTED_EDGE('',*,*,#3242,.F.);
#3242 = EDGE_CURVE('',#3243,#3234,#3245,.T.);
#3243 = VERTEX_POINT('',#3244);
#3244 = CARTESIAN_POINT('',(12.200024130048,10.160020320041,0.));
#3245 = LINE('',#3246,#3247);
#3246 = CARTESIAN_POINT('',(12.200024130048,10.160020320041,0.));
#3247 = VECTOR('',#3248,1.);
#3248 = DIRECTION('',(0.,0.,1.));
#3249 = ORIENTED_EDGE('',*,*,#3250,.F.);
#3250 = EDGE_CURVE('',#3224,#3243,#3251,.T.);
#3251 = CIRCLE('',#3252,0.500001270003);
#3252 = AXIS2_PLACEMENT_3D('',#3253,#3254,#3255);
#3253 = CARTESIAN_POINT('',(12.700025400051,10.160020320041,0.));
#3254 = DIRECTION('',(0.,0.,1.));
#3255 = DIRECTION('',(1.,1.110223024625E-16,-0.));
#3256 = CYLINDRICAL_SURFACE('',#3257,0.500001270003);
#3257 = AXIS2_PLACEMENT_3D('',#3258,#3259,#3260);
#3258 = CARTESIAN_POINT('',(12.700025400051,10.160020320041,0.));
#3259 = DIRECTION('',(-0.,-0.,-1.));
#3260 = DIRECTION('',(1.,1.110223024625E-16,-0.));
#3261 = ADVANCED_FACE('',(#3262),#3280,.F.);
#3262 = FACE_BOUND('',#3263,.T.);
#3263 = EDGE_LOOP('',(#3264,#3265,#3272,#3273));
#3264 = ORIENTED_EDGE('',*,*,#3242,.T.);
#3265 = ORIENTED_EDGE('',*,*,#3266,.T.);
#3266 = EDGE_CURVE('',#3234,#3226,#3267,.T.);
#3267 = CIRCLE('',#3268,0.500001270003);
#3268 = AXIS2_PLACEMENT_3D('',#3269,#3270,#3271);
#3269 = CARTESIAN_POINT('',(12.700025400051,10.160020320041,    1.600050800102));
#3270 = DIRECTION('',(0.,0.,1.));
#3271 = DIRECTION('',(-1.,-1.110223024625E-16,0.));
#3272 = ORIENTED_EDGE('',*,*,#3223,.F.);
#3273 = ORIENTED_EDGE('',*,*,#3274,.F.);
#3274 = EDGE_CURVE('',#3243,#3224,#3275,.T.);
#3275 = CIRCLE('',#3276,0.500001270003);
#3276 = AXIS2_PLACEMENT_3D('',#3277,#3278,#3279);
#3277 = CARTESIAN_POINT('',(12.700025400051,10.160020320041,0.));
#3278 = DIRECTION('',(0.,0.,1.));
#3279 = DIRECTION('',(-1.,-1.110223024625E-16,0.));
#3280 = CYLINDRICAL_SURFACE('',#3281,0.500001270003);
#3281 = AXIS2_PLACEMENT_3D('',#3282,#3283,#3284);
#3282 = CARTESIAN_POINT('',(12.700025400051,10.160020320041,0.));
#3283 = DIRECTION('',(-0.,-0.,-1.));
#3284 = DIRECTION('',(-1.,-1.110223024625E-16,0.));
#3285 = ADVANCED_FACE('',(#3286),#3322,.F.);
#3286 = FACE_BOUND('',#3287,.T.);
#3287 = EDGE_LOOP('',(#3288,#3298,#3307,#3315));
#3288 = ORIENTED_EDGE('',*,*,#3289,.T.);
#3289 = EDGE_CURVE('',#3290,#3292,#3294,.T.);
#3290 = VERTEX_POINT('',#3291);
#3291 = CARTESIAN_POINT('',(13.200026670053,7.62001524003,0.));
#3292 = VERTEX_POINT('',#3293);
#3293 = CARTESIAN_POINT('',(13.200026670053,7.62001524003,1.600050800102    ));
#3294 = LINE('',#3295,#3296);
#3295 = CARTESIAN_POINT('',(13.200026670053,7.62001524003,0.));
#3296 = VECTOR('',#3297,1.);
#3297 = DIRECTION('',(0.,0.,1.));
#3298 = ORIENTED_EDGE('',*,*,#3299,.T.);
#3299 = EDGE_CURVE('',#3292,#3300,#3302,.T.);
#3300 = VERTEX_POINT('',#3301);
#3301 = CARTESIAN_POINT('',(12.200024130048,7.62001524003,1.600050800102    ));
#3302 = CIRCLE('',#3303,0.500001270003);
#3303 = AXIS2_PLACEMENT_3D('',#3304,#3305,#3306);
#3304 = CARTESIAN_POINT('',(12.700025400051,7.62001524003,1.600050800102    ));
#3305 = DIRECTION('',(0.,0.,1.));
#3306 = DIRECTION('',(1.,1.110223024625E-16,-0.));
#3307 = ORIENTED_EDGE('',*,*,#3308,.F.);
#3308 = EDGE_CURVE('',#3309,#3300,#3311,.T.);
#3309 = VERTEX_POINT('',#3310);
#3310 = CARTESIAN_POINT('',(12.200024130048,7.62001524003,0.));
#3311 = LINE('',#3312,#3313);
#3312 = CARTESIAN_POINT('',(12.200024130048,7.62001524003,0.));
#3313 = VECTOR('',#3314,1.);
#3314 = DIRECTION('',(0.,0.,1.));
#3315 = ORIENTED_EDGE('',*,*,#3316,.F.);
#3316 = EDGE_CURVE('',#3290,#3309,#3317,.T.);
#3317 = CIRCLE('',#3318,0.500001270003);
#3318 = AXIS2_PLACEMENT_3D('',#3319,#3320,#3321);
#3319 = CARTESIAN_POINT('',(12.700025400051,7.62001524003,0.));
#3320 = DIRECTION('',(0.,0.,1.));
#3321 = DIRECTION('',(1.,1.110223024625E-16,-0.));
#3322 = CYLINDRICAL_SURFACE('',#3323,0.500001270003);
#3323 = AXIS2_PLACEMENT_3D('',#3324,#3325,#3326);
#3324 = CARTESIAN_POINT('',(12.700025400051,7.62001524003,0.));
#3325 = DIRECTION('',(-0.,-0.,-1.));
#3326 = DIRECTION('',(1.,1.110223024625E-16,-0.));
#3327 = ADVANCED_FACE('',(#3328),#3346,.F.);
#3328 = FACE_BOUND('',#3329,.T.);
#3329 = EDGE_LOOP('',(#3330,#3331,#3338,#3339));
#3330 = ORIENTED_EDGE('',*,*,#3308,.T.);
#3331 = ORIENTED_EDGE('',*,*,#3332,.T.);
#3332 = EDGE_CURVE('',#3300,#3292,#3333,.T.);
#3333 = CIRCLE('',#3334,0.500001270003);
#3334 = AXIS2_PLACEMENT_3D('',#3335,#3336,#3337);
#3335 = CARTESIAN_POINT('',(12.700025400051,7.62001524003,1.600050800102    ));
#3336 = DIRECTION('',(0.,0.,1.));
#3337 = DIRECTION('',(-1.,-1.110223024625E-16,0.));
#3338 = ORIENTED_EDGE('',*,*,#3289,.F.);
#3339 = ORIENTED_EDGE('',*,*,#3340,.F.);
#3340 = EDGE_CURVE('',#3309,#3290,#3341,.T.);
#3341 = CIRCLE('',#3342,0.500001270003);
#3342 = AXIS2_PLACEMENT_3D('',#3343,#3344,#3345);
#3343 = CARTESIAN_POINT('',(12.700025400051,7.62001524003,0.));
#3344 = DIRECTION('',(0.,0.,1.));
#3345 = DIRECTION('',(-1.,-1.110223024625E-16,0.));
#3346 = CYLINDRICAL_SURFACE('',#3347,0.500001270003);
#3347 = AXIS2_PLACEMENT_3D('',#3348,#3349,#3350);
#3348 = CARTESIAN_POINT('',(12.700025400051,7.62001524003,0.));
#3349 = DIRECTION('',(-0.,-0.,-1.));
#3350 = DIRECTION('',(-1.,-1.110223024625E-16,0.));
#3351 = ADVANCED_FACE('',(#3352),#3388,.F.);
#3352 = FACE_BOUND('',#3353,.T.);
#3353 = EDGE_LOOP('',(#3354,#3364,#3373,#3381));
#3354 = ORIENTED_EDGE('',*,*,#3355,.T.);
#3355 = EDGE_CURVE('',#3356,#3358,#3360,.T.);
#3356 = VERTEX_POINT('',#3357);
#3357 = CARTESIAN_POINT('',(13.200026670053,53.340106680213,0.));
#3358 = VERTEX_POINT('',#3359);
#3359 = CARTESIAN_POINT('',(13.200026670053,53.340106680213,    1.600050800102));
#3360 = LINE('',#3361,#3362);
#3361 = CARTESIAN_POINT('',(13.200026670053,53.340106680213,0.));
#3362 = VECTOR('',#3363,1.);
#3363 = DIRECTION('',(0.,0.,1.));
#3364 = ORIENTED_EDGE('',*,*,#3365,.T.);
#3365 = EDGE_CURVE('',#3358,#3366,#3368,.T.);
#3366 = VERTEX_POINT('',#3367);
#3367 = CARTESIAN_POINT('',(12.200024130048,53.340106680213,    1.600050800102));
#3368 = CIRCLE('',#3369,0.500001270003);
#3369 = AXIS2_PLACEMENT_3D('',#3370,#3371,#3372);
#3370 = CARTESIAN_POINT('',(12.700025400051,53.340106680213,    1.600050800102));
#3371 = DIRECTION('',(0.,0.,1.));
#3372 = DIRECTION('',(1.,1.110223024625E-16,-0.));
#3373 = ORIENTED_EDGE('',*,*,#3374,.F.);
#3374 = EDGE_CURVE('',#3375,#3366,#3377,.T.);
#3375 = VERTEX_POINT('',#3376);
#3376 = CARTESIAN_POINT('',(12.200024130048,53.340106680213,0.));
#3377 = LINE('',#3378,#3379);
#3378 = CARTESIAN_POINT('',(12.200024130048,53.340106680213,0.));
#3379 = VECTOR('',#3380,1.);
#3380 = DIRECTION('',(0.,0.,1.));
#3381 = ORIENTED_EDGE('',*,*,#3382,.F.);
#3382 = EDGE_CURVE('',#3356,#3375,#3383,.T.);
#3383 = CIRCLE('',#3384,0.500001270003);
#3384 = AXIS2_PLACEMENT_3D('',#3385,#3386,#3387);
#3385 = CARTESIAN_POINT('',(12.700025400051,53.340106680213,0.));
#3386 = DIRECTION('',(0.,0.,1.));
#3387 = DIRECTION('',(1.,1.110223024625E-16,-0.));
#3388 = CYLINDRICAL_SURFACE('',#3389,0.500001270003);
#3389 = AXIS2_PLACEMENT_3D('',#3390,#3391,#3392);
#3390 = CARTESIAN_POINT('',(12.700025400051,53.340106680213,0.));
#3391 = DIRECTION('',(-0.,-0.,-1.));
#3392 = DIRECTION('',(1.,1.110223024625E-16,-0.));
#3393 = ADVANCED_FACE('',(#3394),#3412,.F.);
#3394 = FACE_BOUND('',#3395,.T.);
#3395 = EDGE_LOOP('',(#3396,#3397,#3404,#3405));
#3396 = ORIENTED_EDGE('',*,*,#3374,.T.);
#3397 = ORIENTED_EDGE('',*,*,#3398,.T.);
#3398 = EDGE_CURVE('',#3366,#3358,#3399,.T.);
#3399 = CIRCLE('',#3400,0.500001270003);
#3400 = AXIS2_PLACEMENT_3D('',#3401,#3402,#3403);
#3401 = CARTESIAN_POINT('',(12.700025400051,53.340106680213,    1.600050800102));
#3402 = DIRECTION('',(0.,0.,1.));
#3403 = DIRECTION('',(-1.,-1.110223024625E-16,0.));
#3404 = ORIENTED_EDGE('',*,*,#3355,.F.);
#3405 = ORIENTED_EDGE('',*,*,#3406,.F.);
#3406 = EDGE_CURVE('',#3375,#3356,#3407,.T.);
#3407 = CIRCLE('',#3408,0.500001270003);
#3408 = AXIS2_PLACEMENT_3D('',#3409,#3410,#3411);
#3409 = CARTESIAN_POINT('',(12.700025400051,53.340106680213,0.));
#3410 = DIRECTION('',(0.,0.,1.));
#3411 = DIRECTION('',(-1.,-1.110223024625E-16,0.));
#3412 = CYLINDRICAL_SURFACE('',#3413,0.500001270003);
#3413 = AXIS2_PLACEMENT_3D('',#3414,#3415,#3416);
#3414 = CARTESIAN_POINT('',(12.700025400051,53.340106680213,0.));
#3415 = DIRECTION('',(-0.,-0.,-1.));
#3416 = DIRECTION('',(-1.,-1.110223024625E-16,0.));
#3417 = ADVANCED_FACE('',(#3418),#3454,.F.);
#3418 = FACE_BOUND('',#3419,.T.);
#3419 = EDGE_LOOP('',(#3420,#3430,#3439,#3447));
#3420 = ORIENTED_EDGE('',*,*,#3421,.T.);
#3421 = EDGE_CURVE('',#3422,#3424,#3426,.T.);
#3422 = VERTEX_POINT('',#3423);
#3423 = CARTESIAN_POINT('',(13.200026670053,55.880111760224,0.));
#3424 = VERTEX_POINT('',#3425);
#3425 = CARTESIAN_POINT('',(13.200026670053,55.880111760224,    1.600050800102));
#3426 = LINE('',#3427,#3428);
#3427 = CARTESIAN_POINT('',(13.200026670053,55.880111760224,0.));
#3428 = VECTOR('',#3429,1.);
#3429 = DIRECTION('',(0.,0.,1.));
#3430 = ORIENTED_EDGE('',*,*,#3431,.T.);
#3431 = EDGE_CURVE('',#3424,#3432,#3434,.T.);
#3432 = VERTEX_POINT('',#3433);
#3433 = CARTESIAN_POINT('',(12.200024130048,55.880111760224,    1.600050800102));
#3434 = CIRCLE('',#3435,0.500001270003);
#3435 = AXIS2_PLACEMENT_3D('',#3436,#3437,#3438);
#3436 = CARTESIAN_POINT('',(12.700025400051,55.880111760224,    1.600050800102));
#3437 = DIRECTION('',(0.,0.,1.));
#3438 = DIRECTION('',(1.,1.110223024625E-16,-0.));
#3439 = ORIENTED_EDGE('',*,*,#3440,.F.);
#3440 = EDGE_CURVE('',#3441,#3432,#3443,.T.);
#3441 = VERTEX_POINT('',#3442);
#3442 = CARTESIAN_POINT('',(12.200024130048,55.880111760224,0.));
#3443 = LINE('',#3444,#3445);
#3444 = CARTESIAN_POINT('',(12.200024130048,55.880111760224,0.));
#3445 = VECTOR('',#3446,1.);
#3446 = DIRECTION('',(0.,0.,1.));
#3447 = ORIENTED_EDGE('',*,*,#3448,.F.);
#3448 = EDGE_CURVE('',#3422,#3441,#3449,.T.);
#3449 = CIRCLE('',#3450,0.500001270003);
#3450 = AXIS2_PLACEMENT_3D('',#3451,#3452,#3453);
#3451 = CARTESIAN_POINT('',(12.700025400051,55.880111760224,0.));
#3452 = DIRECTION('',(0.,0.,1.));
#3453 = DIRECTION('',(1.,1.110223024625E-16,-0.));
#3454 = CYLINDRICAL_SURFACE('',#3455,0.500001270003);
#3455 = AXIS2_PLACEMENT_3D('',#3456,#3457,#3458);
#3456 = CARTESIAN_POINT('',(12.700025400051,55.880111760224,0.));
#3457 = DIRECTION('',(-0.,-0.,-1.));
#3458 = DIRECTION('',(1.,1.110223024625E-16,-0.));
#3459 = ADVANCED_FACE('',(#3460),#3478,.F.);
#3460 = FACE_BOUND('',#3461,.T.);
#3461 = EDGE_LOOP('',(#3462,#3463,#3470,#3471));
#3462 = ORIENTED_EDGE('',*,*,#3440,.T.);
#3463 = ORIENTED_EDGE('',*,*,#3464,.T.);
#3464 = EDGE_CURVE('',#3432,#3424,#3465,.T.);
#3465 = CIRCLE('',#3466,0.500001270003);
#3466 = AXIS2_PLACEMENT_3D('',#3467,#3468,#3469);
#3467 = CARTESIAN_POINT('',(12.700025400051,55.880111760224,    1.600050800102));
#3468 = DIRECTION('',(0.,0.,1.));
#3469 = DIRECTION('',(-1.,-1.110223024625E-16,0.));
#3470 = ORIENTED_EDGE('',*,*,#3421,.F.);
#3471 = ORIENTED_EDGE('',*,*,#3472,.F.);
#3472 = EDGE_CURVE('',#3441,#3422,#3473,.T.);
#3473 = CIRCLE('',#3474,0.500001270003);
#3474 = AXIS2_PLACEMENT_3D('',#3475,#3476,#3477);
#3475 = CARTESIAN_POINT('',(12.700025400051,55.880111760224,0.));
#3476 = DIRECTION('',(0.,0.,1.));
#3477 = DIRECTION('',(-1.,-1.110223024625E-16,0.));
#3478 = CYLINDRICAL_SURFACE('',#3479,0.500001270003);
#3479 = AXIS2_PLACEMENT_3D('',#3480,#3481,#3482);
#3480 = CARTESIAN_POINT('',(12.700025400051,55.880111760224,0.));
#3481 = DIRECTION('',(-0.,-0.,-1.));
#3482 = DIRECTION('',(-1.,-1.110223024625E-16,0.));
#3483 = ADVANCED_FACE('',(#3484,#3490,#3494,#3498,#3502,#3506,#3510,    #3514,#3518,#3522,#3526,#3530,#3534,#3538,#3542,#3546,#3550,#3554,    #3558,#3562,#3566,#3570,#3574,#3578,#3582,#3586,#3590,#3594,#3598,    #3602,#3606,#3610,#3614,#3618,#3622,#3626,#3630,#3634,#3638,#3642,    #3646,#3650,#3654,#3658,#3662,#3666,#3670,#3674,#3678,#3682,#3686),  #3690,.T.);
#3484 = FACE_BOUND('',#3485,.T.);
#3485 = EDGE_LOOP('',(#3486,#3487,#3488,#3489));
#3486 = ORIENTED_EDGE('',*,*,#89,.T.);
#3487 = ORIENTED_EDGE('',*,*,#120,.T.);
#3488 = ORIENTED_EDGE('',*,*,#151,.T.);
#3489 = ORIENTED_EDGE('',*,*,#173,.T.);
#3490 = FACE_BOUND('',#3491,.T.);
#3491 = EDGE_LOOP('',(#3492,#3493));
#3492 = ORIENTED_EDGE('',*,*,#214,.T.);
#3493 = ORIENTED_EDGE('',*,*,#238,.T.);
#3494 = FACE_BOUND('',#3495,.T.);
#3495 = EDGE_LOOP('',(#3496,#3497));
#3496 = ORIENTED_EDGE('',*,*,#280,.T.);
#3497 = ORIENTED_EDGE('',*,*,#304,.T.);
#3498 = FACE_BOUND('',#3499,.T.);
#3499 = EDGE_LOOP('',(#3500,#3501));
#3500 = ORIENTED_EDGE('',*,*,#346,.T.);
#3501 = ORIENTED_EDGE('',*,*,#370,.T.);
#3502 = FACE_BOUND('',#3503,.T.);
#3503 = EDGE_LOOP('',(#3504,#3505));
#3504 = ORIENTED_EDGE('',*,*,#412,.T.);
#3505 = ORIENTED_EDGE('',*,*,#436,.T.);
#3506 = FACE_BOUND('',#3507,.T.);
#3507 = EDGE_LOOP('',(#3508,#3509));
#3508 = ORIENTED_EDGE('',*,*,#478,.T.);
#3509 = ORIENTED_EDGE('',*,*,#502,.T.);
#3510 = FACE_BOUND('',#3511,.T.);
#3511 = EDGE_LOOP('',(#3512,#3513));
#3512 = ORIENTED_EDGE('',*,*,#544,.T.);
#3513 = ORIENTED_EDGE('',*,*,#568,.T.);
#3514 = FACE_BOUND('',#3515,.T.);
#3515 = EDGE_LOOP('',(#3516,#3517));
#3516 = ORIENTED_EDGE('',*,*,#610,.T.);
#3517 = ORIENTED_EDGE('',*,*,#634,.T.);
#3518 = FACE_BOUND('',#3519,.T.);
#3519 = EDGE_LOOP('',(#3520,#3521));
#3520 = ORIENTED_EDGE('',*,*,#676,.T.);
#3521 = ORIENTED_EDGE('',*,*,#700,.T.);
#3522 = FACE_BOUND('',#3523,.T.);
#3523 = EDGE_LOOP('',(#3524,#3525));
#3524 = ORIENTED_EDGE('',*,*,#742,.T.);
#3525 = ORIENTED_EDGE('',*,*,#766,.T.);
#3526 = FACE_BOUND('',#3527,.T.);
#3527 = EDGE_LOOP('',(#3528,#3529));
#3528 = ORIENTED_EDGE('',*,*,#808,.T.);
#3529 = ORIENTED_EDGE('',*,*,#832,.T.);
#3530 = FACE_BOUND('',#3531,.T.);
#3531 = EDGE_LOOP('',(#3532,#3533));
#3532 = ORIENTED_EDGE('',*,*,#874,.T.);
#3533 = ORIENTED_EDGE('',*,*,#898,.T.);
#3534 = FACE_BOUND('',#3535,.T.);
#3535 = EDGE_LOOP('',(#3536,#3537));
#3536 = ORIENTED_EDGE('',*,*,#940,.T.);
#3537 = ORIENTED_EDGE('',*,*,#964,.T.);
#3538 = FACE_BOUND('',#3539,.T.);
#3539 = EDGE_LOOP('',(#3540,#3541));
#3540 = ORIENTED_EDGE('',*,*,#1006,.T.);
#3541 = ORIENTED_EDGE('',*,*,#1030,.T.);
#3542 = FACE_BOUND('',#3543,.T.);
#3543 = EDGE_LOOP('',(#3544,#3545));
#3544 = ORIENTED_EDGE('',*,*,#1072,.T.);
#3545 = ORIENTED_EDGE('',*,*,#1096,.T.);
#3546 = FACE_BOUND('',#3547,.T.);
#3547 = EDGE_LOOP('',(#3548,#3549));
#3548 = ORIENTED_EDGE('',*,*,#1138,.T.);
#3549 = ORIENTED_EDGE('',*,*,#1162,.T.);
#3550 = FACE_BOUND('',#3551,.T.);
#3551 = EDGE_LOOP('',(#3552,#3553));
#3552 = ORIENTED_EDGE('',*,*,#1204,.T.);
#3553 = ORIENTED_EDGE('',*,*,#1228,.T.);
#3554 = FACE_BOUND('',#3555,.T.);
#3555 = EDGE_LOOP('',(#3556,#3557));
#3556 = ORIENTED_EDGE('',*,*,#1270,.T.);
#3557 = ORIENTED_EDGE('',*,*,#1294,.T.);
#3558 = FACE_BOUND('',#3559,.T.);
#3559 = EDGE_LOOP('',(#3560,#3561));
#3560 = ORIENTED_EDGE('',*,*,#1336,.T.);
#3561 = ORIENTED_EDGE('',*,*,#1360,.T.);
#3562 = FACE_BOUND('',#3563,.T.);
#3563 = EDGE_LOOP('',(#3564,#3565));
#3564 = ORIENTED_EDGE('',*,*,#1402,.T.);
#3565 = ORIENTED_EDGE('',*,*,#1426,.T.);
#3566 = FACE_BOUND('',#3567,.T.);
#3567 = EDGE_LOOP('',(#3568,#3569));
#3568 = ORIENTED_EDGE('',*,*,#1468,.T.);
#3569 = ORIENTED_EDGE('',*,*,#1492,.T.);
#3570 = FACE_BOUND('',#3571,.T.);
#3571 = EDGE_LOOP('',(#3572,#3573));
#3572 = ORIENTED_EDGE('',*,*,#1534,.T.);
#3573 = ORIENTED_EDGE('',*,*,#1558,.T.);
#3574 = FACE_BOUND('',#3575,.T.);
#3575 = EDGE_LOOP('',(#3576,#3577));
#3576 = ORIENTED_EDGE('',*,*,#1600,.T.);
#3577 = ORIENTED_EDGE('',*,*,#1624,.T.);
#3578 = FACE_BOUND('',#3579,.T.);
#3579 = EDGE_LOOP('',(#3580,#3581));
#3580 = ORIENTED_EDGE('',*,*,#1666,.T.);
#3581 = ORIENTED_EDGE('',*,*,#1690,.T.);
#3582 = FACE_BOUND('',#3583,.T.);
#3583 = EDGE_LOOP('',(#3584,#3585));
#3584 = ORIENTED_EDGE('',*,*,#1732,.T.);
#3585 = ORIENTED_EDGE('',*,*,#1756,.T.);
#3586 = FACE_BOUND('',#3587,.T.);
#3587 = EDGE_LOOP('',(#3588,#3589));
#3588 = ORIENTED_EDGE('',*,*,#1798,.T.);
#3589 = ORIENTED_EDGE('',*,*,#1822,.T.);
#3590 = FACE_BOUND('',#3591,.T.);
#3591 = EDGE_LOOP('',(#3592,#3593));
#3592 = ORIENTED_EDGE('',*,*,#1864,.T.);
#3593 = ORIENTED_EDGE('',*,*,#1888,.T.);
#3594 = FACE_BOUND('',#3595,.T.);
#3595 = EDGE_LOOP('',(#3596,#3597));
#3596 = ORIENTED_EDGE('',*,*,#1930,.T.);
#3597 = ORIENTED_EDGE('',*,*,#1954,.T.);
#3598 = FACE_BOUND('',#3599,.T.);
#3599 = EDGE_LOOP('',(#3600,#3601));
#3600 = ORIENTED_EDGE('',*,*,#1996,.T.);
#3601 = ORIENTED_EDGE('',*,*,#2020,.T.);
#3602 = FACE_BOUND('',#3603,.T.);
#3603 = EDGE_LOOP('',(#3604,#3605));
#3604 = ORIENTED_EDGE('',*,*,#2062,.T.);
#3605 = ORIENTED_EDGE('',*,*,#2086,.T.);
#3606 = FACE_BOUND('',#3607,.T.);
#3607 = EDGE_LOOP('',(#3608,#3609));
#3608 = ORIENTED_EDGE('',*,*,#2128,.T.);
#3609 = ORIENTED_EDGE('',*,*,#2152,.T.);
#3610 = FACE_BOUND('',#3611,.T.);
#3611 = EDGE_LOOP('',(#3612,#3613));
#3612 = ORIENTED_EDGE('',*,*,#2194,.T.);
#3613 = ORIENTED_EDGE('',*,*,#2218,.T.);
#3614 = FACE_BOUND('',#3615,.T.);
#3615 = EDGE_LOOP('',(#3616,#3617));
#3616 = ORIENTED_EDGE('',*,*,#2260,.T.);
#3617 = ORIENTED_EDGE('',*,*,#2284,.T.);
#3618 = FACE_BOUND('',#3619,.T.);
#3619 = EDGE_LOOP('',(#3620,#3621));
#3620 = ORIENTED_EDGE('',*,*,#2326,.T.);
#3621 = ORIENTED_EDGE('',*,*,#2350,.T.);
#3622 = FACE_BOUND('',#3623,.T.);
#3623 = EDGE_LOOP('',(#3624,#3625));
#3624 = ORIENTED_EDGE('',*,*,#2392,.T.);
#3625 = ORIENTED_EDGE('',*,*,#2416,.T.);
#3626 = FACE_BOUND('',#3627,.T.);
#3627 = EDGE_LOOP('',(#3628,#3629));
#3628 = ORIENTED_EDGE('',*,*,#2458,.T.);
#3629 = ORIENTED_EDGE('',*,*,#2482,.T.);
#3630 = FACE_BOUND('',#3631,.T.);
#3631 = EDGE_LOOP('',(#3632,#3633));
#3632 = ORIENTED_EDGE('',*,*,#2524,.T.);
#3633 = ORIENTED_EDGE('',*,*,#2548,.T.);
#3634 = FACE_BOUND('',#3635,.T.);
#3635 = EDGE_LOOP('',(#3636,#3637));
#3636 = ORIENTED_EDGE('',*,*,#2590,.T.);
#3637 = ORIENTED_EDGE('',*,*,#2614,.T.);
#3638 = FACE_BOUND('',#3639,.T.);
#3639 = EDGE_LOOP('',(#3640,#3641));
#3640 = ORIENTED_EDGE('',*,*,#2656,.T.);
#3641 = ORIENTED_EDGE('',*,*,#2680,.T.);
#3642 = FACE_BOUND('',#3643,.T.);
#3643 = EDGE_LOOP('',(#3644,#3645));
#3644 = ORIENTED_EDGE('',*,*,#2722,.T.);
#3645 = ORIENTED_EDGE('',*,*,#2746,.T.);
#3646 = FACE_BOUND('',#3647,.T.);
#3647 = EDGE_LOOP('',(#3648,#3649));
#3648 = ORIENTED_EDGE('',*,*,#2788,.T.);
#3649 = ORIENTED_EDGE('',*,*,#2812,.T.);
#3650 = FACE_BOUND('',#3651,.T.);
#3651 = EDGE_LOOP('',(#3652,#3653));
#3652 = ORIENTED_EDGE('',*,*,#2854,.T.);
#3653 = ORIENTED_EDGE('',*,*,#2878,.T.);
#3654 = FACE_BOUND('',#3655,.T.);
#3655 = EDGE_LOOP('',(#3656,#3657));
#3656 = ORIENTED_EDGE('',*,*,#2920,.T.);
#3657 = ORIENTED_EDGE('',*,*,#2944,.T.);
#3658 = FACE_BOUND('',#3659,.T.);
#3659 = EDGE_LOOP('',(#3660,#3661));
#3660 = ORIENTED_EDGE('',*,*,#2986,.T.);
#3661 = ORIENTED_EDGE('',*,*,#3010,.T.);
#3662 = FACE_BOUND('',#3663,.T.);
#3663 = EDGE_LOOP('',(#3664,#3665));
#3664 = ORIENTED_EDGE('',*,*,#3052,.T.);
#3665 = ORIENTED_EDGE('',*,*,#3076,.T.);
#3666 = FACE_BOUND('',#3667,.T.);
#3667 = EDGE_LOOP('',(#3668,#3669));
#3668 = ORIENTED_EDGE('',*,*,#3118,.T.);
#3669 = ORIENTED_EDGE('',*,*,#3142,.T.);
#3670 = FACE_BOUND('',#3671,.T.);
#3671 = EDGE_LOOP('',(#3672,#3673));
#3672 = ORIENTED_EDGE('',*,*,#3184,.T.);
#3673 = ORIENTED_EDGE('',*,*,#3208,.T.);
#3674 = FACE_BOUND('',#3675,.T.);
#3675 = EDGE_LOOP('',(#3676,#3677));
#3676 = ORIENTED_EDGE('',*,*,#3250,.T.);
#3677 = ORIENTED_EDGE('',*,*,#3274,.T.);
#3678 = FACE_BOUND('',#3679,.T.);
#3679 = EDGE_LOOP('',(#3680,#3681));
#3680 = ORIENTED_EDGE('',*,*,#3316,.T.);
#3681 = ORIENTED_EDGE('',*,*,#3340,.T.);
#3682 = FACE_BOUND('',#3683,.T.);
#3683 = EDGE_LOOP('',(#3684,#3685));
#3684 = ORIENTED_EDGE('',*,*,#3382,.T.);
#3685 = ORIENTED_EDGE('',*,*,#3406,.T.);
#3686 = FACE_BOUND('',#3687,.T.);
#3687 = EDGE_LOOP('',(#3688,#3689));
#3688 = ORIENTED_EDGE('',*,*,#3448,.T.);
#3689 = ORIENTED_EDGE('',*,*,#3472,.T.);
#3690 = PLANE('',#3691);
#3691 = AXIS2_PLACEMENT_3D('',#3692,#3693,#3694);
#3692 = CARTESIAN_POINT('',(9.96951993904,35.11557023114,0.));
#3693 = DIRECTION('',(-0.,-0.,-1.));
#3694 = DIRECTION('',(-1.,0.,0.));
#3695 = ADVANCED_FACE('',(#3696,#3702,#3706,#3710,#3714,#3718,#3722,    #3726,#3730,#3734,#3738,#3742,#3746,#3750,#3754,#3758,#3762,#3766,    #3770,#3774,#3778,#3782,#3786,#3790,#3794,#3798,#3802,#3806,#3810,    #3814,#3818,#3822,#3826,#3830,#3834,#3838,#3842,#3846,#3850,#3854,    #3858,#3862,#3866,#3870,#3874,#3878,#3882,#3886,#3890,#3894,#3898),  #3902,.F.);
#3696 = FACE_BOUND('',#3697,.F.);
#3697 = EDGE_LOOP('',(#3698,#3699,#3700,#3701));
#3698 = ORIENTED_EDGE('',*,*,#73,.T.);
#3699 = ORIENTED_EDGE('',*,*,#104,.T.);
#3700 = ORIENTED_EDGE('',*,*,#135,.T.);
#3701 = ORIENTED_EDGE('',*,*,#166,.T.);
#3702 = FACE_BOUND('',#3703,.F.);
#3703 = EDGE_LOOP('',(#3704,#3705));
#3704 = ORIENTED_EDGE('',*,*,#197,.T.);
#3705 = ORIENTED_EDGE('',*,*,#230,.T.);
#3706 = FACE_BOUND('',#3707,.F.);
#3707 = EDGE_LOOP('',(#3708,#3709));
#3708 = ORIENTED_EDGE('',*,*,#263,.T.);
#3709 = ORIENTED_EDGE('',*,*,#296,.T.);
#3710 = FACE_BOUND('',#3711,.F.);
#3711 = EDGE_LOOP('',(#3712,#3713));
#3712 = ORIENTED_EDGE('',*,*,#329,.T.);
#3713 = ORIENTED_EDGE('',*,*,#362,.T.);
#3714 = FACE_BOUND('',#3715,.F.);
#3715 = EDGE_LOOP('',(#3716,#3717));
#3716 = ORIENTED_EDGE('',*,*,#395,.T.);
#3717 = ORIENTED_EDGE('',*,*,#428,.T.);
#3718 = FACE_BOUND('',#3719,.F.);
#3719 = EDGE_LOOP('',(#3720,#3721));
#3720 = ORIENTED_EDGE('',*,*,#461,.T.);
#3721 = ORIENTED_EDGE('',*,*,#494,.T.);
#3722 = FACE_BOUND('',#3723,.F.);
#3723 = EDGE_LOOP('',(#3724,#3725));
#3724 = ORIENTED_EDGE('',*,*,#527,.T.);
#3725 = ORIENTED_EDGE('',*,*,#560,.T.);
#3726 = FACE_BOUND('',#3727,.F.);
#3727 = EDGE_LOOP('',(#3728,#3729));
#3728 = ORIENTED_EDGE('',*,*,#593,.T.);
#3729 = ORIENTED_EDGE('',*,*,#626,.T.);
#3730 = FACE_BOUND('',#3731,.F.);
#3731 = EDGE_LOOP('',(#3732,#3733));
#3732 = ORIENTED_EDGE('',*,*,#659,.T.);
#3733 = ORIENTED_EDGE('',*,*,#692,.T.);
#3734 = FACE_BOUND('',#3735,.F.);
#3735 = EDGE_LOOP('',(#3736,#3737));
#3736 = ORIENTED_EDGE('',*,*,#725,.T.);
#3737 = ORIENTED_EDGE('',*,*,#758,.T.);
#3738 = FACE_BOUND('',#3739,.F.);
#3739 = EDGE_LOOP('',(#3740,#3741));
#3740 = ORIENTED_EDGE('',*,*,#791,.T.);
#3741 = ORIENTED_EDGE('',*,*,#824,.T.);
#3742 = FACE_BOUND('',#3743,.F.);
#3743 = EDGE_LOOP('',(#3744,#3745));
#3744 = ORIENTED_EDGE('',*,*,#857,.T.);
#3745 = ORIENTED_EDGE('',*,*,#890,.T.);
#3746 = FACE_BOUND('',#3747,.F.);
#3747 = EDGE_LOOP('',(#3748,#3749));
#3748 = ORIENTED_EDGE('',*,*,#923,.T.);
#3749 = ORIENTED_EDGE('',*,*,#956,.T.);
#3750 = FACE_BOUND('',#3751,.F.);
#3751 = EDGE_LOOP('',(#3752,#3753));
#3752 = ORIENTED_EDGE('',*,*,#989,.T.);
#3753 = ORIENTED_EDGE('',*,*,#1022,.T.);
#3754 = FACE_BOUND('',#3755,.F.);
#3755 = EDGE_LOOP('',(#3756,#3757));
#3756 = ORIENTED_EDGE('',*,*,#1055,.T.);
#3757 = ORIENTED_EDGE('',*,*,#1088,.T.);
#3758 = FACE_BOUND('',#3759,.F.);
#3759 = EDGE_LOOP('',(#3760,#3761));
#3760 = ORIENTED_EDGE('',*,*,#1121,.T.);
#3761 = ORIENTED_EDGE('',*,*,#1154,.T.);
#3762 = FACE_BOUND('',#3763,.F.);
#3763 = EDGE_LOOP('',(#3764,#3765));
#3764 = ORIENTED_EDGE('',*,*,#1187,.T.);
#3765 = ORIENTED_EDGE('',*,*,#1220,.T.);
#3766 = FACE_BOUND('',#3767,.F.);
#3767 = EDGE_LOOP('',(#3768,#3769));
#3768 = ORIENTED_EDGE('',*,*,#1253,.T.);
#3769 = ORIENTED_EDGE('',*,*,#1286,.T.);
#3770 = FACE_BOUND('',#3771,.F.);
#3771 = EDGE_LOOP('',(#3772,#3773));
#3772 = ORIENTED_EDGE('',*,*,#1319,.T.);
#3773 = ORIENTED_EDGE('',*,*,#1352,.T.);
#3774 = FACE_BOUND('',#3775,.F.);
#3775 = EDGE_LOOP('',(#3776,#3777));
#3776 = ORIENTED_EDGE('',*,*,#1385,.T.);
#3777 = ORIENTED_EDGE('',*,*,#1418,.T.);
#3778 = FACE_BOUND('',#3779,.F.);
#3779 = EDGE_LOOP('',(#3780,#3781));
#3780 = ORIENTED_EDGE('',*,*,#1451,.T.);
#3781 = ORIENTED_EDGE('',*,*,#1484,.T.);
#3782 = FACE_BOUND('',#3783,.F.);
#3783 = EDGE_LOOP('',(#3784,#3785));
#3784 = ORIENTED_EDGE('',*,*,#1517,.T.);
#3785 = ORIENTED_EDGE('',*,*,#1550,.T.);
#3786 = FACE_BOUND('',#3787,.F.);
#3787 = EDGE_LOOP('',(#3788,#3789));
#3788 = ORIENTED_EDGE('',*,*,#1583,.T.);
#3789 = ORIENTED_EDGE('',*,*,#1616,.T.);
#3790 = FACE_BOUND('',#3791,.F.);
#3791 = EDGE_LOOP('',(#3792,#3793));
#3792 = ORIENTED_EDGE('',*,*,#1649,.T.);
#3793 = ORIENTED_EDGE('',*,*,#1682,.T.);
#3794 = FACE_BOUND('',#3795,.F.);
#3795 = EDGE_LOOP('',(#3796,#3797));
#3796 = ORIENTED_EDGE('',*,*,#1715,.T.);
#3797 = ORIENTED_EDGE('',*,*,#1748,.T.);
#3798 = FACE_BOUND('',#3799,.F.);
#3799 = EDGE_LOOP('',(#3800,#3801));
#3800 = ORIENTED_EDGE('',*,*,#1781,.T.);
#3801 = ORIENTED_EDGE('',*,*,#1814,.T.);
#3802 = FACE_BOUND('',#3803,.F.);
#3803 = EDGE_LOOP('',(#3804,#3805));
#3804 = ORIENTED_EDGE('',*,*,#1847,.T.);
#3805 = ORIENTED_EDGE('',*,*,#1880,.T.);
#3806 = FACE_BOUND('',#3807,.F.);
#3807 = EDGE_LOOP('',(#3808,#3809));
#3808 = ORIENTED_EDGE('',*,*,#1913,.T.);
#3809 = ORIENTED_EDGE('',*,*,#1946,.T.);
#3810 = FACE_BOUND('',#3811,.F.);
#3811 = EDGE_LOOP('',(#3812,#3813));
#3812 = ORIENTED_EDGE('',*,*,#1979,.T.);
#3813 = ORIENTED_EDGE('',*,*,#2012,.T.);
#3814 = FACE_BOUND('',#3815,.F.);
#3815 = EDGE_LOOP('',(#3816,#3817));
#3816 = ORIENTED_EDGE('',*,*,#2045,.T.);
#3817 = ORIENTED_EDGE('',*,*,#2078,.T.);
#3818 = FACE_BOUND('',#3819,.F.);
#3819 = EDGE_LOOP('',(#3820,#3821));
#3820 = ORIENTED_EDGE('',*,*,#2111,.T.);
#3821 = ORIENTED_EDGE('',*,*,#2144,.T.);
#3822 = FACE_BOUND('',#3823,.F.);
#3823 = EDGE_LOOP('',(#3824,#3825));
#3824 = ORIENTED_EDGE('',*,*,#2177,.T.);
#3825 = ORIENTED_EDGE('',*,*,#2210,.T.);
#3826 = FACE_BOUND('',#3827,.F.);
#3827 = EDGE_LOOP('',(#3828,#3829));
#3828 = ORIENTED_EDGE('',*,*,#2243,.T.);
#3829 = ORIENTED_EDGE('',*,*,#2276,.T.);
#3830 = FACE_BOUND('',#3831,.F.);
#3831 = EDGE_LOOP('',(#3832,#3833));
#3832 = ORIENTED_EDGE('',*,*,#2309,.T.);
#3833 = ORIENTED_EDGE('',*,*,#2342,.T.);
#3834 = FACE_BOUND('',#3835,.F.);
#3835 = EDGE_LOOP('',(#3836,#3837));
#3836 = ORIENTED_EDGE('',*,*,#2375,.T.);
#3837 = ORIENTED_EDGE('',*,*,#2408,.T.);
#3838 = FACE_BOUND('',#3839,.F.);
#3839 = EDGE_LOOP('',(#3840,#3841));
#3840 = ORIENTED_EDGE('',*,*,#2441,.T.);
#3841 = ORIENTED_EDGE('',*,*,#2474,.T.);
#3842 = FACE_BOUND('',#3843,.F.);
#3843 = EDGE_LOOP('',(#3844,#3845));
#3844 = ORIENTED_EDGE('',*,*,#2507,.T.);
#3845 = ORIENTED_EDGE('',*,*,#2540,.T.);
#3846 = FACE_BOUND('',#3847,.F.);
#3847 = EDGE_LOOP('',(#3848,#3849));
#3848 = ORIENTED_EDGE('',*,*,#2573,.T.);
#3849 = ORIENTED_EDGE('',*,*,#2606,.T.);
#3850 = FACE_BOUND('',#3851,.F.);
#3851 = EDGE_LOOP('',(#3852,#3853));
#3852 = ORIENTED_EDGE('',*,*,#2639,.T.);
#3853 = ORIENTED_EDGE('',*,*,#2672,.T.);
#3854 = FACE_BOUND('',#3855,.F.);
#3855 = EDGE_LOOP('',(#3856,#3857));
#3856 = ORIENTED_EDGE('',*,*,#2705,.T.);
#3857 = ORIENTED_EDGE('',*,*,#2738,.T.);
#3858 = FACE_BOUND('',#3859,.F.);
#3859 = EDGE_LOOP('',(#3860,#3861));
#3860 = ORIENTED_EDGE('',*,*,#2771,.T.);
#3861 = ORIENTED_EDGE('',*,*,#2804,.T.);
#3862 = FACE_BOUND('',#3863,.F.);
#3863 = EDGE_LOOP('',(#3864,#3865));
#3864 = ORIENTED_EDGE('',*,*,#2837,.T.);
#3865 = ORIENTED_EDGE('',*,*,#2870,.T.);
#3866 = FACE_BOUND('',#3867,.F.);
#3867 = EDGE_LOOP('',(#3868,#3869));
#3868 = ORIENTED_EDGE('',*,*,#2903,.T.);
#3869 = ORIENTED_EDGE('',*,*,#2936,.T.);
#3870 = FACE_BOUND('',#3871,.F.);
#3871 = EDGE_LOOP('',(#3872,#3873));
#3872 = ORIENTED_EDGE('',*,*,#2969,.T.);
#3873 = ORIENTED_EDGE('',*,*,#3002,.T.);
#3874 = FACE_BOUND('',#3875,.F.);
#3875 = EDGE_LOOP('',(#3876,#3877));
#3876 = ORIENTED_EDGE('',*,*,#3035,.T.);
#3877 = ORIENTED_EDGE('',*,*,#3068,.T.);
#3878 = FACE_BOUND('',#3879,.F.);
#3879 = EDGE_LOOP('',(#3880,#3881));
#3880 = ORIENTED_EDGE('',*,*,#3101,.T.);
#3881 = ORIENTED_EDGE('',*,*,#3134,.T.);
#3882 = FACE_BOUND('',#3883,.F.);
#3883 = EDGE_LOOP('',(#3884,#3885));
#3884 = ORIENTED_EDGE('',*,*,#3167,.T.);
#3885 = ORIENTED_EDGE('',*,*,#3200,.T.);
#3886 = FACE_BOUND('',#3887,.F.);
#3887 = EDGE_LOOP('',(#3888,#3889));
#3888 = ORIENTED_EDGE('',*,*,#3233,.T.);
#3889 = ORIENTED_EDGE('',*,*,#3266,.T.);
#3890 = FACE_BOUND('',#3891,.F.);
#3891 = EDGE_LOOP('',(#3892,#3893));
#3892 = ORIENTED_EDGE('',*,*,#3299,.T.);
#3893 = ORIENTED_EDGE('',*,*,#3332,.T.);
#3894 = FACE_BOUND('',#3895,.F.);
#3895 = EDGE_LOOP('',(#3896,#3897));
#3896 = ORIENTED_EDGE('',*,*,#3365,.T.);
#3897 = ORIENTED_EDGE('',*,*,#3398,.T.);
#3898 = FACE_BOUND('',#3899,.F.);
#3899 = EDGE_LOOP('',(#3900,#3901));
#3900 = ORIENTED_EDGE('',*,*,#3431,.T.);
#3901 = ORIENTED_EDGE('',*,*,#3464,.T.);
#3902 = PLANE('',#3903);
#3903 = AXIS2_PLACEMENT_3D('',#3904,#3905,#3906);
#3904 = CARTESIAN_POINT('',(9.96951993904,35.11557023114,1.600050800102)  );
#3905 = DIRECTION('',(-0.,-0.,-1.));
#3906 = DIRECTION('',(-1.,0.,0.));
#3907 = ( GEOMETRIC_REPRESENTATION_CONTEXT(3) GLOBAL_UNCERTAINTY_ASSIGNED_CONTEXT((#3911)) GLOBAL_UNIT_ASSIGNED_CONTEXT((#3908,#3909,#3910)) REPRESENTATION_CONTEXT('Context #1','3D Context with UNIT and UNCERTAINTY') );
#3908 = ( LENGTH_UNIT() NAMED_UNIT(*) SI_UNIT(.MILLI.,.METRE.) );
#3909 = ( NAMED_UNIT(*) PLANE_ANGLE_UNIT() SI_UNIT($,.RADIAN.) );
#3910 = ( NAMED_UNIT(*) SI_UNIT($,.STERADIAN.) SOLID_ANGLE_UNIT() );
#3911 = UNCERTAINTY_MEASURE_WITH_UNIT(LENGTH_MEASURE(1.E-07),#3908,  'distance_accuracy_value','confusion accuracy');
#3912 = CONTEXT_DEPENDENT_SHAPE_REPRESENTATION(#3913,#3915);
#3913 = ( REPRESENTATION_RELATIONSHIP('','',#56,#10) REPRESENTATION_RELATIONSHIP_WITH_TRANSFORMATION(#3914) SHAPE_REPRESENTATION_RELATIONSHIP() );
#3914 = ITEM_DEFINED_TRANSFORMATION('','',#11,#15);
#3915 = PRODUCT_DEFINITION_SHAPE('Placement','Placement of an item',  #3916);
#3916 = NEXT_ASSEMBLY_USAGE_OCCURRENCE('1','=>[0:1:1:2]','',#5,#51,$);
#3917 = PRODUCT_RELATED_PRODUCT_CATEGORY('part',$,(#53));
#3918 = SHAPE_DEFINITION_REPRESENTATION(#3919,#3925);
#3919 = PRODUCT_DEFINITION_SHAPE('','',#3920);
#3920 = PRODUCT_DEFINITION('design','',#3921,#3924);
#3921 = PRODUCT_DEFINITION_FORMATION('','',#3922);
#3922 = PRODUCT('TopCopper~bsR8','TopCopper~bsR8','',(#3923));
#3923 = PRODUCT_CONTEXT('',#2,'mechanical');
#3924 = PRODUCT_DEFINITION_CONTEXT('part definition',#2,'design');
#3925 = SHAPE_REPRESENTATION('',(#11),#3926);
#3926 = ( GEOMETRIC_REPRESENTATION_CONTEXT(3) GLOBAL_UNCERTAINTY_ASSIGNED_CONTEXT((#3930)) GLOBAL_UNIT_ASSIGNED_CONTEXT((#3927,#3928,#3929)) REPRESENTATION_CONTEXT('Context #1','3D Context with UNIT and UNCERTAINTY') );
#3927 = ( LENGTH_UNIT() NAMED_UNIT(*) SI_UNIT(.MILLI.,.METRE.) );
#3928 = ( NAMED_UNIT(*) PLANE_ANGLE_UNIT() SI_UNIT($,.RADIAN.) );
#3929 = ( NAMED_UNIT(*) SI_UNIT($,.STERADIAN.) SOLID_ANGLE_UNIT() );
#3930 = UNCERTAINTY_MEASURE_WITH_UNIT(LENGTH_MEASURE(1.E-07),#3927,  'distance_accuracy_value','confusion accuracy');
#3931 = CONTEXT_DEPENDENT_SHAPE_REPRESENTATION(#3932,#3934);
#3932 = ( REPRESENTATION_RELATIONSHIP('','',#3925,#10) REPRESENTATION_RELATIONSHIP_WITH_TRANSFORMATION(#3933) SHAPE_REPRESENTATION_RELATIONSHIP() );
#3933 = ITEM_DEFINED_TRANSFORMATION('','',#11,#19);
#3934 = PRODUCT_DEFINITION_SHAPE('Placement','Placement of an item',  #3935);
#3935 = NEXT_ASSEMBLY_USAGE_OCCURRENCE('2','=>[0:1:1:3]','',#5,#3920,$);
#3936 = PRODUCT_RELATED_PRODUCT_CATEGORY('part',$,(#3922));
#3937 = SHAPE_DEFINITION_REPRESENTATION(#3938,#3944);
#3938 = PRODUCT_DEFINITION_SHAPE('','',#3939);
#3939 = PRODUCT_DEFINITION('design','',#3940,#3943);
#3940 = PRODUCT_DEFINITION_FORMATION('','',#3941);
#3941 = PRODUCT('BottomCopper~bsR8','BottomCopper~bsR8','',(#3942));
#3942 = PRODUCT_CONTEXT('',#2,'mechanical');
#3943 = PRODUCT_DEFINITION_CONTEXT('part definition',#2,'design');
#3944 = SHAPE_REPRESENTATION('',(#11),#3945);
#3945 = ( GEOMETRIC_REPRESENTATION_CONTEXT(3) GLOBAL_UNCERTAINTY_ASSIGNED_CONTEXT((#3949)) GLOBAL_UNIT_ASSIGNED_CONTEXT((#3946,#3947,#3948)) REPRESENTATION_CONTEXT('Context #1','3D Context with UNIT and UNCERTAINTY') );
#3946 = ( LENGTH_UNIT() NAMED_UNIT(*) SI_UNIT(.MILLI.,.METRE.) );
#3947 = ( NAMED_UNIT(*) PLANE_ANGLE_UNIT() SI_UNIT($,.RADIAN.) );
#3948 = ( NAMED_UNIT(*) SI_UNIT($,.STERADIAN.) SOLID_ANGLE_UNIT() );
#3949 = UNCERTAINTY_MEASURE_WITH_UNIT(LENGTH_MEASURE(1.E-07),#3946,  'distance_accuracy_value','confusion accuracy');
#3950 = CONTEXT_DEPENDENT_SHAPE_REPRESENTATION(#3951,#3953);
#3951 = ( REPRESENTATION_RELATIONSHIP('','',#3944,#10) REPRESENTATION_RELATIONSHIP_WITH_TRANSFORMATION(#3952) SHAPE_REPRESENTATION_RELATIONSHIP() );
#3952 = ITEM_DEFINED_TRANSFORMATION('','',#11,#23);
#3953 = PRODUCT_DEFINITION_SHAPE('Placement','Placement of an item',  #3954);
#3954 = NEXT_ASSEMBLY_USAGE_OCCURRENCE('3','=>[0:1:1:4]','',#5,#3939,$);
#3955 = PRODUCT_RELATED_PRODUCT_CATEGORY('part',$,(#3941));
#3956 = SHAPE_DEFINITION_REPRESENTATION(#3957,#3963);
#3957 = PRODUCT_DEFINITION_SHAPE('','',#3958);
#3958 = PRODUCT_DEFINITION('design','',#3959,#3962);
#3959 = PRODUCT_DEFINITION_FORMATION('','',#3960);
#3960 = PRODUCT('TopSilkscreen~bsR8','TopSilkscreen~bsR8','',(#3961));
#3961 = PRODUCT_CONTEXT('',#2,'mechanical');
#3962 = PRODUCT_DEFINITION_CONTEXT('part definition',#2,'design');
#3963 = SHAPE_REPRESENTATION('',(#11),#3964);
#3964 = ( GEOMETRIC_REPRESENTATION_CONTEXT(3) GLOBAL_UNCERTAINTY_ASSIGNED_CONTEXT((#3968)) GLOBAL_UNIT_ASSIGNED_CONTEXT((#3965,#3966,#3967)) REPRESENTATION_CONTEXT('Context #1','3D Context with UNIT and UNCERTAINTY') );
#3965 = ( LENGTH_UNIT() NAMED_UNIT(*) SI_UNIT(.MILLI.,.METRE.) );
#3966 = ( NAMED_UNIT(*) PLANE_ANGLE_UNIT() SI_UNIT($,.RADIAN.) );
#3967 = ( NAMED_UNIT(*) SI_UNIT($,.STERADIAN.) SOLID_ANGLE_UNIT() );
#3968 = UNCERTAINTY_MEASURE_WITH_UNIT(LENGTH_MEASURE(1.E-07),#3965,  'distance_accuracy_value','confusion accuracy');
#3969 = CONTEXT_DEPENDENT_SHAPE_REPRESENTATION(#3970,#3972);
#3970 = ( REPRESENTATION_RELATIONSHIP('','',#3963,#10) REPRESENTATION_RELATIONSHIP_WITH_TRANSFORMATION(#3971) SHAPE_REPRESENTATION_RELATIONSHIP() );
#3971 = ITEM_DEFINED_TRANSFORMATION('','',#11,#27);
#3972 = PRODUCT_DEFINITION_SHAPE('Placement','Placement of an item',  #3973);
#3973 = NEXT_ASSEMBLY_USAGE_OCCURRENCE('4','=>[0:1:1:5]','',#5,#3958,$);
#3974 = PRODUCT_RELATED_PRODUCT_CATEGORY('part',$,(#3960));
#3975 = SHAPE_DEFINITION_REPRESENTATION(#3976,#3982);
#3976 = PRODUCT_DEFINITION_SHAPE('','',#3977);
#3977 = PRODUCT_DEFINITION('design','',#3978,#3981);
#3978 = PRODUCT_DEFINITION_FORMATION('','',#3979);
#3979 = PRODUCT('BottomSilkscreen~bsR8','BottomSilkscreen~bsR8','',(    #3980));
#3980 = PRODUCT_CONTEXT('',#2,'mechanical');
#3981 = PRODUCT_DEFINITION_CONTEXT('part definition',#2,'design');
#3982 = SHAPE_REPRESENTATION('',(#11),#3983);
#3983 = ( GEOMETRIC_REPRESENTATION_CONTEXT(3) GLOBAL_UNCERTAINTY_ASSIGNED_CONTEXT((#3987)) GLOBAL_UNIT_ASSIGNED_CONTEXT((#3984,#3985,#3986)) REPRESENTATION_CONTEXT('Context #1','3D Context with UNIT and UNCERTAINTY') );
#3984 = ( LENGTH_UNIT() NAMED_UNIT(*) SI_UNIT(.MILLI.,.METRE.) );
#3985 = ( NAMED_UNIT(*) PLANE_ANGLE_UNIT() SI_UNIT($,.RADIAN.) );
#3986 = ( NAMED_UNIT(*) SI_UNIT($,.STERADIAN.) SOLID_ANGLE_UNIT() );
#3987 = UNCERTAINTY_MEASURE_WITH_UNIT(LENGTH_MEASURE(1.E-07),#3984,  'distance_accuracy_value','confusion accuracy');
#3988 = CONTEXT_DEPENDENT_SHAPE_REPRESENTATION(#3989,#3991);
#3989 = ( REPRESENTATION_RELATIONSHIP('','',#3982,#10) REPRESENTATION_RELATIONSHIP_WITH_TRANSFORMATION(#3990) SHAPE_REPRESENTATION_RELATIONSHIP() );
#3990 = ITEM_DEFINED_TRANSFORMATION('','',#11,#31);
#3991 = PRODUCT_DEFINITION_SHAPE('Placement','Placement of an item',  #3992);
#3992 = NEXT_ASSEMBLY_USAGE_OCCURRENCE('5','=>[0:1:1:6]','',#5,#3977,$);
#3993 = PRODUCT_RELATED_PRODUCT_CATEGORY('part',$,(#3979));
#3994 = SHAPE_DEFINITION_REPRESENTATION(#3995,#4001);
#3995 = PRODUCT_DEFINITION_SHAPE('','',#3996);
#3996 = PRODUCT_DEFINITION('design','',#3997,#4000);
#3997 = PRODUCT_DEFINITION_FORMATION('','',#3998);
#3998 = PRODUCT('TopFpcStiffener~bsR8','TopFpcStiffener~bsR8','',(#3999)  );
#3999 = PRODUCT_CONTEXT('',#2,'mechanical');
#4000 = PRODUCT_DEFINITION_CONTEXT('part definition',#2,'design');
#4001 = SHAPE_REPRESENTATION('',(#11),#4002);
#4002 = ( GEOMETRIC_REPRESENTATION_CONTEXT(3) GLOBAL_UNCERTAINTY_ASSIGNED_CONTEXT((#4006)) GLOBAL_UNIT_ASSIGNED_CONTEXT((#4003,#4004,#4005)) REPRESENTATION_CONTEXT('Context #1','3D Context with UNIT and UNCERTAINTY') );
#4003 = ( LENGTH_UNIT() NAMED_UNIT(*) SI_UNIT(.MILLI.,.METRE.) );
#4004 = ( NAMED_UNIT(*) PLANE_ANGLE_UNIT() SI_UNIT($,.RADIAN.) );
#4005 = ( NAMED_UNIT(*) SI_UNIT($,.STERADIAN.) SOLID_ANGLE_UNIT() );
#4006 = UNCERTAINTY_MEASURE_WITH_UNIT(LENGTH_MEASURE(1.E-07),#4003,  'distance_accuracy_value','confusion accuracy');
#4007 = CONTEXT_DEPENDENT_SHAPE_REPRESENTATION(#4008,#4010);
#4008 = ( REPRESENTATION_RELATIONSHIP('','',#4001,#10) REPRESENTATION_RELATIONSHIP_WITH_TRANSFORMATION(#4009) SHAPE_REPRESENTATION_RELATIONSHIP() );
#4009 = ITEM_DEFINED_TRANSFORMATION('','',#11,#35);
#4010 = PRODUCT_DEFINITION_SHAPE('Placement','Placement of an item',  #4011);
#4011 = NEXT_ASSEMBLY_USAGE_OCCURRENCE('6','=>[0:1:1:7]','',#5,#3996,$);
#4012 = PRODUCT_RELATED_PRODUCT_CATEGORY('part',$,(#3998));
#4013 = SHAPE_DEFINITION_REPRESENTATION(#4014,#4020);
#4014 = PRODUCT_DEFINITION_SHAPE('','',#4015);
#4015 = PRODUCT_DEFINITION('design','',#4016,#4019);
#4016 = PRODUCT_DEFINITION_FORMATION('','',#4017);
#4017 = PRODUCT('BottomFpcStiffener~bsR8','BottomFpcStiffener~bsR8','',(    #4018));
#4018 = PRODUCT_CONTEXT('',#2,'mechanical');
#4019 = PRODUCT_DEFINITION_CONTEXT('part definition',#2,'design');
#4020 = SHAPE_REPRESENTATION('',(#11),#4021);
#4021 = ( GEOMETRIC_REPRESENTATION_CONTEXT(3) GLOBAL_UNCERTAINTY_ASSIGNED_CONTEXT((#4025)) GLOBAL_UNIT_ASSIGNED_CONTEXT((#4022,#4023,#4024)) REPRESENTATION_CONTEXT('Context #1','3D Context with UNIT and UNCERTAINTY') );
#4022 = ( LENGTH_UNIT() NAMED_UNIT(*) SI_UNIT(.MILLI.,.METRE.) );
#4023 = ( NAMED_UNIT(*) PLANE_ANGLE_UNIT() SI_UNIT($,.RADIAN.) );
#4024 = ( NAMED_UNIT(*) SI_UNIT($,.STERADIAN.) SOLID_ANGLE_UNIT() );
#4025 = UNCERTAINTY_MEASURE_WITH_UNIT(LENGTH_MEASURE(1.E-07),#4022,  'distance_accuracy_value','confusion accuracy');
#4026 = CONTEXT_DEPENDENT_SHAPE_REPRESENTATION(#4027,#4029);
#4027 = ( REPRESENTATION_RELATIONSHIP('','',#4020,#10) REPRESENTATION_RELATIONSHIP_WITH_TRANSFORMATION(#4028) SHAPE_REPRESENTATION_RELATIONSHIP() );
#4028 = ITEM_DEFINED_TRANSFORMATION('','',#11,#39);
#4029 = PRODUCT_DEFINITION_SHAPE('Placement','Placement of an item',  #4030);
#4030 = NEXT_ASSEMBLY_USAGE_OCCURRENCE('7','=>[0:1:1:8]','',#5,#4015,$);
#4031 = PRODUCT_RELATED_PRODUCT_CATEGORY('part',$,(#4017));
#4032 = MECHANICAL_DESIGN_GEOMETRIC_PRESENTATION_REPRESENTATION('',(    #4033,#4043,#4051,#4058,#4065,#4072,#4079,#4086,#4093,#4100,#4107,    #4114,#4121,#4128,#4135,#4142,#4149,#4156,#4163,#4170,#4177,#4184,    #4191,#4198,#4205,#4212,#4219,#4226,#4233,#4240,#4247,#4254,#4261,    #4268,#4275,#4282,#4289,#4296,#4303,#4310,#4317,#4324,#4331,#4338,    #4345,#4352,#4359,#4366,#4373,#4380,#4387,#4394,#4401,#4408,#4415,    #4422,#4429,#4436,#4443,#4450,#4457,#4464,#4471,#4478,#4485,#4492,    #4499,#4506,#4513,#4520,#4527,#4534,#4541,#4548,#4555,#4562,#4569,    #4576,#4583,#4590,#4597,#4604,#4611,#4618,#4625,#4632,#4639,#4646,    #4653,#4660,#4667,#4674,#4681,#4688,#4695,#4702,#4709,#4716,#4723,    #4730,#4737,#4744,#4751,#4758,#4765),#3907);
#4033 = STYLED_ITEM('color',(#4034),#57);
#4034 = PRESENTATION_STYLE_ASSIGNMENT((#4035,#4041));
#4035 = SURFACE_STYLE_USAGE(.BOTH.,#4036);
#4036 = SURFACE_SIDE_STYLE('',(#4037));
#4037 = SURFACE_STYLE_FILL_AREA(#4038);
#4038 = FILL_AREA_STYLE('',(#4039));
#4039 = FILL_AREA_STYLE_COLOUR('',#4040);
#4040 = COLOUR_RGB('',0.,0.417002959305,0.637991923926);
#4041 = CURVE_STYLE('',#4042,POSITIVE_LENGTH_MEASURE(0.1),#4040);
#4042 = DRAUGHTING_PRE_DEFINED_CURVE_FONT('continuous');
#4043 = OVER_RIDING_STYLED_ITEM('overriding color',(#4044),#59,#4033);
#4044 = PRESENTATION_STYLE_ASSIGNMENT((#4045));
#4045 = SURFACE_STYLE_USAGE(.BOTH.,#4046);
#4046 = SURFACE_SIDE_STYLE('',(#4047));
#4047 = SURFACE_STYLE_FILL_AREA(#4048);
#4048 = FILL_AREA_STYLE('',(#4049));
#4049 = FILL_AREA_STYLE_COLOUR('',#4050);
#4050 = COLOUR_RGB('',0.937179583391,0.9357410338,0.649182888601);
#4051 = OVER_RIDING_STYLED_ITEM('overriding color',(#4052),#99,#4033);
#4052 = PRESENTATION_STYLE_ASSIGNMENT((#4053));
#4053 = SURFACE_STYLE_USAGE(.BOTH.,#4054);
#4054 = SURFACE_SIDE_STYLE('',(#4055));
#4055 = SURFACE_STYLE_FILL_AREA(#4056);
#4056 = FILL_AREA_STYLE('',(#4057));
#4057 = FILL_AREA_STYLE_COLOUR('',#4050);
#4058 = OVER_RIDING_STYLED_ITEM('overriding color',(#4059),#130,#4033);
#4059 = PRESENTATION_STYLE_ASSIGNMENT((#4060));
#4060 = SURFACE_STYLE_USAGE(.BOTH.,#4061);
#4061 = SURFACE_SIDE_STYLE('',(#4062));
#4062 = SURFACE_STYLE_FILL_AREA(#4063);
#4063 = FILL_AREA_STYLE('',(#4064));
#4064 = FILL_AREA_STYLE_COLOUR('',#4050);
#4065 = OVER_RIDING_STYLED_ITEM('overriding color',(#4066),#161,#4033);
#4066 = PRESENTATION_STYLE_ASSIGNMENT((#4067));
#4067 = SURFACE_STYLE_USAGE(.BOTH.,#4068);
#4068 = SURFACE_SIDE_STYLE('',(#4069));
#4069 = SURFACE_STYLE_FILL_AREA(#4070);
#4070 = FILL_AREA_STYLE('',(#4071));
#4071 = FILL_AREA_STYLE_COLOUR('',#4050);
#4072 = OVER_RIDING_STYLED_ITEM('overriding color',(#4073),#183,#4033);
#4073 = PRESENTATION_STYLE_ASSIGNMENT((#4074));
#4074 = SURFACE_STYLE_USAGE(.BOTH.,#4075);
#4075 = SURFACE_SIDE_STYLE('',(#4076));
#4076 = SURFACE_STYLE_FILL_AREA(#4077);
#4077 = FILL_AREA_STYLE('',(#4078));
#4078 = FILL_AREA_STYLE_COLOUR('',#4050);
#4079 = OVER_RIDING_STYLED_ITEM('overriding color',(#4080),#225,#4033);
#4080 = PRESENTATION_STYLE_ASSIGNMENT((#4081));
#4081 = SURFACE_STYLE_USAGE(.BOTH.,#4082);
#4082 = SURFACE_SIDE_STYLE('',(#4083));
#4083 = SURFACE_STYLE_FILL_AREA(#4084);
#4084 = FILL_AREA_STYLE('',(#4085));
#4085 = FILL_AREA_STYLE_COLOUR('',#4050);
#4086 = OVER_RIDING_STYLED_ITEM('overriding color',(#4087),#249,#4033);
#4087 = PRESENTATION_STYLE_ASSIGNMENT((#4088));
#4088 = SURFACE_STYLE_USAGE(.BOTH.,#4089);
#4089 = SURFACE_SIDE_STYLE('',(#4090));
#4090 = SURFACE_STYLE_FILL_AREA(#4091);
#4091 = FILL_AREA_STYLE('',(#4092));
#4092 = FILL_AREA_STYLE_COLOUR('',#4050);
#4093 = OVER_RIDING_STYLED_ITEM('overriding color',(#4094),#291,#4033);
#4094 = PRESENTATION_STYLE_ASSIGNMENT((#4095));
#4095 = SURFACE_STYLE_USAGE(.BOTH.,#4096);
#4096 = SURFACE_SIDE_STYLE('',(#4097));
#4097 = SURFACE_STYLE_FILL_AREA(#4098);
#4098 = FILL_AREA_STYLE('',(#4099));
#4099 = FILL_AREA_STYLE_COLOUR('',#4050);
#4100 = OVER_RIDING_STYLED_ITEM('overriding color',(#4101),#315,#4033);
#4101 = PRESENTATION_STYLE_ASSIGNMENT((#4102));
#4102 = SURFACE_STYLE_USAGE(.BOTH.,#4103);
#4103 = SURFACE_SIDE_STYLE('',(#4104));
#4104 = SURFACE_STYLE_FILL_AREA(#4105);
#4105 = FILL_AREA_STYLE('',(#4106));
#4106 = FILL_AREA_STYLE_COLOUR('',#4050);
#4107 = OVER_RIDING_STYLED_ITEM('overriding color',(#4108),#357,#4033);
#4108 = PRESENTATION_STYLE_ASSIGNMENT((#4109));
#4109 = SURFACE_STYLE_USAGE(.BOTH.,#4110);
#4110 = SURFACE_SIDE_STYLE('',(#4111));
#4111 = SURFACE_STYLE_FILL_AREA(#4112);
#4112 = FILL_AREA_STYLE('',(#4113));
#4113 = FILL_AREA_STYLE_COLOUR('',#4050);
#4114 = OVER_RIDING_STYLED_ITEM('overriding color',(#4115),#381,#4033);
#4115 = PRESENTATION_STYLE_ASSIGNMENT((#4116));
#4116 = SURFACE_STYLE_USAGE(.BOTH.,#4117);
#4117 = SURFACE_SIDE_STYLE('',(#4118));
#4118 = SURFACE_STYLE_FILL_AREA(#4119);
#4119 = FILL_AREA_STYLE('',(#4120));
#4120 = FILL_AREA_STYLE_COLOUR('',#4050);
#4121 = OVER_RIDING_STYLED_ITEM('overriding color',(#4122),#423,#4033);
#4122 = PRESENTATION_STYLE_ASSIGNMENT((#4123));
#4123 = SURFACE_STYLE_USAGE(.BOTH.,#4124);
#4124 = SURFACE_SIDE_STYLE('',(#4125));
#4125 = SURFACE_STYLE_FILL_AREA(#4126);
#4126 = FILL_AREA_STYLE('',(#4127));
#4127 = FILL_AREA_STYLE_COLOUR('',#4050);
#4128 = OVER_RIDING_STYLED_ITEM('overriding color',(#4129),#447,#4033);
#4129 = PRESENTATION_STYLE_ASSIGNMENT((#4130));
#4130 = SURFACE_STYLE_USAGE(.BOTH.,#4131);
#4131 = SURFACE_SIDE_STYLE('',(#4132));
#4132 = SURFACE_STYLE_FILL_AREA(#4133);
#4133 = FILL_AREA_STYLE('',(#4134));
#4134 = FILL_AREA_STYLE_COLOUR('',#4050);
#4135 = OVER_RIDING_STYLED_ITEM('overriding color',(#4136),#489,#4033);
#4136 = PRESENTATION_STYLE_ASSIGNMENT((#4137));
#4137 = SURFACE_STYLE_USAGE(.BOTH.,#4138);
#4138 = SURFACE_SIDE_STYLE('',(#4139));
#4139 = SURFACE_STYLE_FILL_AREA(#4140);
#4140 = FILL_AREA_STYLE('',(#4141));
#4141 = FILL_AREA_STYLE_COLOUR('',#4050);
#4142 = OVER_RIDING_STYLED_ITEM('overriding color',(#4143),#513,#4033);
#4143 = PRESENTATION_STYLE_ASSIGNMENT((#4144));
#4144 = SURFACE_STYLE_USAGE(.BOTH.,#4145);
#4145 = SURFACE_SIDE_STYLE('',(#4146));
#4146 = SURFACE_STYLE_FILL_AREA(#4147);
#4147 = FILL_AREA_STYLE('',(#4148));
#4148 = FILL_AREA_STYLE_COLOUR('',#4050);
#4149 = OVER_RIDING_STYLED_ITEM('overriding color',(#4150),#555,#4033);
#4150 = PRESENTATION_STYLE_ASSIGNMENT((#4151));
#4151 = SURFACE_STYLE_USAGE(.BOTH.,#4152);
#4152 = SURFACE_SIDE_STYLE('',(#4153));
#4153 = SURFACE_STYLE_FILL_AREA(#4154);
#4154 = FILL_AREA_STYLE('',(#4155));
#4155 = FILL_AREA_STYLE_COLOUR('',#4050);
#4156 = OVER_RIDING_STYLED_ITEM('overriding color',(#4157),#579,#4033);
#4157 = PRESENTATION_STYLE_ASSIGNMENT((#4158));
#4158 = SURFACE_STYLE_USAGE(.BOTH.,#4159);
#4159 = SURFACE_SIDE_STYLE('',(#4160));
#4160 = SURFACE_STYLE_FILL_AREA(#4161);
#4161 = FILL_AREA_STYLE('',(#4162));
#4162 = FILL_AREA_STYLE_COLOUR('',#4050);
#4163 = OVER_RIDING_STYLED_ITEM('overriding color',(#4164),#621,#4033);
#4164 = PRESENTATION_STYLE_ASSIGNMENT((#4165));
#4165 = SURFACE_STYLE_USAGE(.BOTH.,#4166);
#4166 = SURFACE_SIDE_STYLE('',(#4167));
#4167 = SURFACE_STYLE_FILL_AREA(#4168);
#4168 = FILL_AREA_STYLE('',(#4169));
#4169 = FILL_AREA_STYLE_COLOUR('',#4050);
#4170 = OVER_RIDING_STYLED_ITEM('overriding color',(#4171),#645,#4033);
#4171 = PRESENTATION_STYLE_ASSIGNMENT((#4172));
#4172 = SURFACE_STYLE_USAGE(.BOTH.,#4173);
#4173 = SURFACE_SIDE_STYLE('',(#4174));
#4174 = SURFACE_STYLE_FILL_AREA(#4175);
#4175 = FILL_AREA_STYLE('',(#4176));
#4176 = FILL_AREA_STYLE_COLOUR('',#4050);
#4177 = OVER_RIDING_STYLED_ITEM('overriding color',(#4178),#687,#4033);
#4178 = PRESENTATION_STYLE_ASSIGNMENT((#4179));
#4179 = SURFACE_STYLE_USAGE(.BOTH.,#4180);
#4180 = SURFACE_SIDE_STYLE('',(#4181));
#4181 = SURFACE_STYLE_FILL_AREA(#4182);
#4182 = FILL_AREA_STYLE('',(#4183));
#4183 = FILL_AREA_STYLE_COLOUR('',#4050);
#4184 = OVER_RIDING_STYLED_ITEM('overriding color',(#4185),#711,#4033);
#4185 = PRESENTATION_STYLE_ASSIGNMENT((#4186));
#4186 = SURFACE_STYLE_USAGE(.BOTH.,#4187);
#4187 = SURFACE_SIDE_STYLE('',(#4188));
#4188 = SURFACE_STYLE_FILL_AREA(#4189);
#4189 = FILL_AREA_STYLE('',(#4190));
#4190 = FILL_AREA_STYLE_COLOUR('',#4050);
#4191 = OVER_RIDING_STYLED_ITEM('overriding color',(#4192),#753,#4033);
#4192 = PRESENTATION_STYLE_ASSIGNMENT((#4193));
#4193 = SURFACE_STYLE_USAGE(.BOTH.,#4194);
#4194 = SURFACE_SIDE_STYLE('',(#4195));
#4195 = SURFACE_STYLE_FILL_AREA(#4196);
#4196 = FILL_AREA_STYLE('',(#4197));
#4197 = FILL_AREA_STYLE_COLOUR('',#4050);
#4198 = OVER_RIDING_STYLED_ITEM('overriding color',(#4199),#777,#4033);
#4199 = PRESENTATION_STYLE_ASSIGNMENT((#4200));
#4200 = SURFACE_STYLE_USAGE(.BOTH.,#4201);
#4201 = SURFACE_SIDE_STYLE('',(#4202));
#4202 = SURFACE_STYLE_FILL_AREA(#4203);
#4203 = FILL_AREA_STYLE('',(#4204));
#4204 = FILL_AREA_STYLE_COLOUR('',#4050);
#4205 = OVER_RIDING_STYLED_ITEM('overriding color',(#4206),#819,#4033);
#4206 = PRESENTATION_STYLE_ASSIGNMENT((#4207));
#4207 = SURFACE_STYLE_USAGE(.BOTH.,#4208);
#4208 = SURFACE_SIDE_STYLE('',(#4209));
#4209 = SURFACE_STYLE_FILL_AREA(#4210);
#4210 = FILL_AREA_STYLE('',(#4211));
#4211 = FILL_AREA_STYLE_COLOUR('',#4050);
#4212 = OVER_RIDING_STYLED_ITEM('overriding color',(#4213),#843,#4033);
#4213 = PRESENTATION_STYLE_ASSIGNMENT((#4214));
#4214 = SURFACE_STYLE_USAGE(.BOTH.,#4215);
#4215 = SURFACE_SIDE_STYLE('',(#4216));
#4216 = SURFACE_STYLE_FILL_AREA(#4217);
#4217 = FILL_AREA_STYLE('',(#4218));
#4218 = FILL_AREA_STYLE_COLOUR('',#4050);
#4219 = OVER_RIDING_STYLED_ITEM('overriding color',(#4220),#885,#4033);
#4220 = PRESENTATION_STYLE_ASSIGNMENT((#4221));
#4221 = SURFACE_STYLE_USAGE(.BOTH.,#4222);
#4222 = SURFACE_SIDE_STYLE('',(#4223));
#4223 = SURFACE_STYLE_FILL_AREA(#4224);
#4224 = FILL_AREA_STYLE('',(#4225));
#4225 = FILL_AREA_STYLE_COLOUR('',#4050);
#4226 = OVER_RIDING_STYLED_ITEM('overriding color',(#4227),#909,#4033);
#4227 = PRESENTATION_STYLE_ASSIGNMENT((#4228));
#4228 = SURFACE_STYLE_USAGE(.BOTH.,#4229);
#4229 = SURFACE_SIDE_STYLE('',(#4230));
#4230 = SURFACE_STYLE_FILL_AREA(#4231);
#4231 = FILL_AREA_STYLE('',(#4232));
#4232 = FILL_AREA_STYLE_COLOUR('',#4050);
#4233 = OVER_RIDING_STYLED_ITEM('overriding color',(#4234),#951,#4033);
#4234 = PRESENTATION_STYLE_ASSIGNMENT((#4235));
#4235 = SURFACE_STYLE_USAGE(.BOTH.,#4236);
#4236 = SURFACE_SIDE_STYLE('',(#4237));
#4237 = SURFACE_STYLE_FILL_AREA(#4238);
#4238 = FILL_AREA_STYLE('',(#4239));
#4239 = FILL_AREA_STYLE_COLOUR('',#4050);
#4240 = OVER_RIDING_STYLED_ITEM('overriding color',(#4241),#975,#4033);
#4241 = PRESENTATION_STYLE_ASSIGNMENT((#4242));
#4242 = SURFACE_STYLE_USAGE(.BOTH.,#4243);
#4243 = SURFACE_SIDE_STYLE('',(#4244));
#4244 = SURFACE_STYLE_FILL_AREA(#4245);
#4245 = FILL_AREA_STYLE('',(#4246));
#4246 = FILL_AREA_STYLE_COLOUR('',#4050);
#4247 = OVER_RIDING_STYLED_ITEM('overriding color',(#4248),#1017,#4033);
#4248 = PRESENTATION_STYLE_ASSIGNMENT((#4249));
#4249 = SURFACE_STYLE_USAGE(.BOTH.,#4250);
#4250 = SURFACE_SIDE_STYLE('',(#4251));
#4251 = SURFACE_STYLE_FILL_AREA(#4252);
#4252 = FILL_AREA_STYLE('',(#4253));
#4253 = FILL_AREA_STYLE_COLOUR('',#4050);
#4254 = OVER_RIDING_STYLED_ITEM('overriding color',(#4255),#1041,#4033);
#4255 = PRESENTATION_STYLE_ASSIGNMENT((#4256));
#4256 = SURFACE_STYLE_USAGE(.BOTH.,#4257);
#4257 = SURFACE_SIDE_STYLE('',(#4258));
#4258 = SURFACE_STYLE_FILL_AREA(#4259);
#4259 = FILL_AREA_STYLE('',(#4260));
#4260 = FILL_AREA_STYLE_COLOUR('',#4050);
#4261 = OVER_RIDING_STYLED_ITEM('overriding color',(#4262),#1083,#4033);
#4262 = PRESENTATION_STYLE_ASSIGNMENT((#4263));
#4263 = SURFACE_STYLE_USAGE(.BOTH.,#4264);
#4264 = SURFACE_SIDE_STYLE('',(#4265));
#4265 = SURFACE_STYLE_FILL_AREA(#4266);
#4266 = FILL_AREA_STYLE('',(#4267));
#4267 = FILL_AREA_STYLE_COLOUR('',#4050);
#4268 = OVER_RIDING_STYLED_ITEM('overriding color',(#4269),#1107,#4033);
#4269 = PRESENTATION_STYLE_ASSIGNMENT((#4270));
#4270 = SURFACE_STYLE_USAGE(.BOTH.,#4271);
#4271 = SURFACE_SIDE_STYLE('',(#4272));
#4272 = SURFACE_STYLE_FILL_AREA(#4273);
#4273 = FILL_AREA_STYLE('',(#4274));
#4274 = FILL_AREA_STYLE_COLOUR('',#4050);
#4275 = OVER_RIDING_STYLED_ITEM('overriding color',(#4276),#1149,#4033);
#4276 = PRESENTATION_STYLE_ASSIGNMENT((#4277));
#4277 = SURFACE_STYLE_USAGE(.BOTH.,#4278);
#4278 = SURFACE_SIDE_STYLE('',(#4279));
#4279 = SURFACE_STYLE_FILL_AREA(#4280);
#4280 = FILL_AREA_STYLE('',(#4281));
#4281 = FILL_AREA_STYLE_COLOUR('',#4050);
#4282 = OVER_RIDING_STYLED_ITEM('overriding color',(#4283),#1173,#4033);
#4283 = PRESENTATION_STYLE_ASSIGNMENT((#4284));
#4284 = SURFACE_STYLE_USAGE(.BOTH.,#4285);
#4285 = SURFACE_SIDE_STYLE('',(#4286));
#4286 = SURFACE_STYLE_FILL_AREA(#4287);
#4287 = FILL_AREA_STYLE('',(#4288));
#4288 = FILL_AREA_STYLE_COLOUR('',#4050);
#4289 = OVER_RIDING_STYLED_ITEM('overriding color',(#4290),#1215,#4033);
#4290 = PRESENTATION_STYLE_ASSIGNMENT((#4291));
#4291 = SURFACE_STYLE_USAGE(.BOTH.,#4292);
#4292 = SURFACE_SIDE_STYLE('',(#4293));
#4293 = SURFACE_STYLE_FILL_AREA(#4294);
#4294 = FILL_AREA_STYLE('',(#4295));
#4295 = FILL_AREA_STYLE_COLOUR('',#4050);
#4296 = OVER_RIDING_STYLED_ITEM('overriding color',(#4297),#1239,#4033);
#4297 = PRESENTATION_STYLE_ASSIGNMENT((#4298));
#4298 = SURFACE_STYLE_USAGE(.BOTH.,#4299);
#4299 = SURFACE_SIDE_STYLE('',(#4300));
#4300 = SURFACE_STYLE_FILL_AREA(#4301);
#4301 = FILL_AREA_STYLE('',(#4302));
#4302 = FILL_AREA_STYLE_COLOUR('',#4050);
#4303 = OVER_RIDING_STYLED_ITEM('overriding color',(#4304),#1281,#4033);
#4304 = PRESENTATION_STYLE_ASSIGNMENT((#4305));
#4305 = SURFACE_STYLE_USAGE(.BOTH.,#4306);
#4306 = SURFACE_SIDE_STYLE('',(#4307));
#4307 = SURFACE_STYLE_FILL_AREA(#4308);
#4308 = FILL_AREA_STYLE('',(#4309));
#4309 = FILL_AREA_STYLE_COLOUR('',#4050);
#4310 = OVER_RIDING_STYLED_ITEM('overriding color',(#4311),#1305,#4033);
#4311 = PRESENTATION_STYLE_ASSIGNMENT((#4312));
#4312 = SURFACE_STYLE_USAGE(.BOTH.,#4313);
#4313 = SURFACE_SIDE_STYLE('',(#4314));
#4314 = SURFACE_STYLE_FILL_AREA(#4315);
#4315 = FILL_AREA_STYLE('',(#4316));
#4316 = FILL_AREA_STYLE_COLOUR('',#4050);
#4317 = OVER_RIDING_STYLED_ITEM('overriding color',(#4318),#1347,#4033);
#4318 = PRESENTATION_STYLE_ASSIGNMENT((#4319));
#4319 = SURFACE_STYLE_USAGE(.BOTH.,#4320);
#4320 = SURFACE_SIDE_STYLE('',(#4321));
#4321 = SURFACE_STYLE_FILL_AREA(#4322);
#4322 = FILL_AREA_STYLE('',(#4323));
#4323 = FILL_AREA_STYLE_COLOUR('',#4050);
#4324 = OVER_RIDING_STYLED_ITEM('overriding color',(#4325),#1371,#4033);
#4325 = PRESENTATION_STYLE_ASSIGNMENT((#4326));
#4326 = SURFACE_STYLE_USAGE(.BOTH.,#4327);
#4327 = SURFACE_SIDE_STYLE('',(#4328));
#4328 = SURFACE_STYLE_FILL_AREA(#4329);
#4329 = FILL_AREA_STYLE('',(#4330));
#4330 = FILL_AREA_STYLE_COLOUR('',#4050);
#4331 = OVER_RIDING_STYLED_ITEM('overriding color',(#4332),#1413,#4033);
#4332 = PRESENTATION_STYLE_ASSIGNMENT((#4333));
#4333 = SURFACE_STYLE_USAGE(.BOTH.,#4334);
#4334 = SURFACE_SIDE_STYLE('',(#4335));
#4335 = SURFACE_STYLE_FILL_AREA(#4336);
#4336 = FILL_AREA_STYLE('',(#4337));
#4337 = FILL_AREA_STYLE_COLOUR('',#4050);
#4338 = OVER_RIDING_STYLED_ITEM('overriding color',(#4339),#1437,#4033);
#4339 = PRESENTATION_STYLE_ASSIGNMENT((#4340));
#4340 = SURFACE_STYLE_USAGE(.BOTH.,#4341);
#4341 = SURFACE_SIDE_STYLE('',(#4342));
#4342 = SURFACE_STYLE_FILL_AREA(#4343);
#4343 = FILL_AREA_STYLE('',(#4344));
#4344 = FILL_AREA_STYLE_COLOUR('',#4050);
#4345 = OVER_RIDING_STYLED_ITEM('overriding color',(#4346),#1479,#4033);
#4346 = PRESENTATION_STYLE_ASSIGNMENT((#4347));
#4347 = SURFACE_STYLE_USAGE(.BOTH.,#4348);
#4348 = SURFACE_SIDE_STYLE('',(#4349));
#4349 = SURFACE_STYLE_FILL_AREA(#4350);
#4350 = FILL_AREA_STYLE('',(#4351));
#4351 = FILL_AREA_STYLE_COLOUR('',#4050);
#4352 = OVER_RIDING_STYLED_ITEM('overriding color',(#4353),#1503,#4033);
#4353 = PRESENTATION_STYLE_ASSIGNMENT((#4354));
#4354 = SURFACE_STYLE_USAGE(.BOTH.,#4355);
#4355 = SURFACE_SIDE_STYLE('',(#4356));
#4356 = SURFACE_STYLE_FILL_AREA(#4357);
#4357 = FILL_AREA_STYLE('',(#4358));
#4358 = FILL_AREA_STYLE_COLOUR('',#4050);
#4359 = OVER_RIDING_STYLED_ITEM('overriding color',(#4360),#1545,#4033);
#4360 = PRESENTATION_STYLE_ASSIGNMENT((#4361));
#4361 = SURFACE_STYLE_USAGE(.BOTH.,#4362);
#4362 = SURFACE_SIDE_STYLE('',(#4363));
#4363 = SURFACE_STYLE_FILL_AREA(#4364);
#4364 = FILL_AREA_STYLE('',(#4365));
#4365 = FILL_AREA_STYLE_COLOUR('',#4050);
#4366 = OVER_RIDING_STYLED_ITEM('overriding color',(#4367),#1569,#4033);
#4367 = PRESENTATION_STYLE_ASSIGNMENT((#4368));
#4368 = SURFACE_STYLE_USAGE(.BOTH.,#4369);
#4369 = SURFACE_SIDE_STYLE('',(#4370));
#4370 = SURFACE_STYLE_FILL_AREA(#4371);
#4371 = FILL_AREA_STYLE('',(#4372));
#4372 = FILL_AREA_STYLE_COLOUR('',#4050);
#4373 = OVER_RIDING_STYLED_ITEM('overriding color',(#4374),#1611,#4033);
#4374 = PRESENTATION_STYLE_ASSIGNMENT((#4375));
#4375 = SURFACE_STYLE_USAGE(.BOTH.,#4376);
#4376 = SURFACE_SIDE_STYLE('',(#4377));
#4377 = SURFACE_STYLE_FILL_AREA(#4378);
#4378 = FILL_AREA_STYLE('',(#4379));
#4379 = FILL_AREA_STYLE_COLOUR('',#4050);
#4380 = OVER_RIDING_STYLED_ITEM('overriding color',(#4381),#1635,#4033);
#4381 = PRESENTATION_STYLE_ASSIGNMENT((#4382));
#4382 = SURFACE_STYLE_USAGE(.BOTH.,#4383);
#4383 = SURFACE_SIDE_STYLE('',(#4384));
#4384 = SURFACE_STYLE_FILL_AREA(#4385);
#4385 = FILL_AREA_STYLE('',(#4386));
#4386 = FILL_AREA_STYLE_COLOUR('',#4050);
#4387 = OVER_RIDING_STYLED_ITEM('overriding color',(#4388),#1677,#4033);
#4388 = PRESENTATION_STYLE_ASSIGNMENT((#4389));
#4389 = SURFACE_STYLE_USAGE(.BOTH.,#4390);
#4390 = SURFACE_SIDE_STYLE('',(#4391));
#4391 = SURFACE_STYLE_FILL_AREA(#4392);
#4392 = FILL_AREA_STYLE('',(#4393));
#4393 = FILL_AREA_STYLE_COLOUR('',#4050);
#4394 = OVER_RIDING_STYLED_ITEM('overriding color',(#4395),#1701,#4033);
#4395 = PRESENTATION_STYLE_ASSIGNMENT((#4396));
#4396 = SURFACE_STYLE_USAGE(.BOTH.,#4397);
#4397 = SURFACE_SIDE_STYLE('',(#4398));
#4398 = SURFACE_STYLE_FILL_AREA(#4399);
#4399 = FILL_AREA_STYLE('',(#4400));
#4400 = FILL_AREA_STYLE_COLOUR('',#4050);
#4401 = OVER_RIDING_STYLED_ITEM('overriding color',(#4402),#1743,#4033);
#4402 = PRESENTATION_STYLE_ASSIGNMENT((#4403));
#4403 = SURFACE_STYLE_USAGE(.BOTH.,#4404);
#4404 = SURFACE_SIDE_STYLE('',(#4405));
#4405 = SURFACE_STYLE_FILL_AREA(#4406);
#4406 = FILL_AREA_STYLE('',(#4407));
#4407 = FILL_AREA_STYLE_COLOUR('',#4050);
#4408 = OVER_RIDING_STYLED_ITEM('overriding color',(#4409),#1767,#4033);
#4409 = PRESENTATION_STYLE_ASSIGNMENT((#4410));
#4410 = SURFACE_STYLE_USAGE(.BOTH.,#4411);
#4411 = SURFACE_SIDE_STYLE('',(#4412));
#4412 = SURFACE_STYLE_FILL_AREA(#4413);
#4413 = FILL_AREA_STYLE('',(#4414));
#4414 = FILL_AREA_STYLE_COLOUR('',#4050);
#4415 = OVER_RIDING_STYLED_ITEM('overriding color',(#4416),#1809,#4033);
#4416 = PRESENTATION_STYLE_ASSIGNMENT((#4417));
#4417 = SURFACE_STYLE_USAGE(.BOTH.,#4418);
#4418 = SURFACE_SIDE_STYLE('',(#4419));
#4419 = SURFACE_STYLE_FILL_AREA(#4420);
#4420 = FILL_AREA_STYLE('',(#4421));
#4421 = FILL_AREA_STYLE_COLOUR('',#4050);
#4422 = OVER_RIDING_STYLED_ITEM('overriding color',(#4423),#1833,#4033);
#4423 = PRESENTATION_STYLE_ASSIGNMENT((#4424));
#4424 = SURFACE_STYLE_USAGE(.BOTH.,#4425);
#4425 = SURFACE_SIDE_STYLE('',(#4426));
#4426 = SURFACE_STYLE_FILL_AREA(#4427);
#4427 = FILL_AREA_STYLE('',(#4428));
#4428 = FILL_AREA_STYLE_COLOUR('',#4050);
#4429 = OVER_RIDING_STYLED_ITEM('overriding color',(#4430),#1875,#4033);
#4430 = PRESENTATION_STYLE_ASSIGNMENT((#4431));
#4431 = SURFACE_STYLE_USAGE(.BOTH.,#4432);
#4432 = SURFACE_SIDE_STYLE('',(#4433));
#4433 = SURFACE_STYLE_FILL_AREA(#4434);
#4434 = FILL_AREA_STYLE('',(#4435));
#4435 = FILL_AREA_STYLE_COLOUR('',#4050);
#4436 = OVER_RIDING_STYLED_ITEM('overriding color',(#4437),#1899,#4033);
#4437 = PRESENTATION_STYLE_ASSIGNMENT((#4438));
#4438 = SURFACE_STYLE_USAGE(.BOTH.,#4439);
#4439 = SURFACE_SIDE_STYLE('',(#4440));
#4440 = SURFACE_STYLE_FILL_AREA(#4441);
#4441 = FILL_AREA_STYLE('',(#4442));
#4442 = FILL_AREA_STYLE_COLOUR('',#4050);
#4443 = OVER_RIDING_STYLED_ITEM('overriding color',(#4444),#1941,#4033);
#4444 = PRESENTATION_STYLE_ASSIGNMENT((#4445));
#4445 = SURFACE_STYLE_USAGE(.BOTH.,#4446);
#4446 = SURFACE_SIDE_STYLE('',(#4447));
#4447 = SURFACE_STYLE_FILL_AREA(#4448);
#4448 = FILL_AREA_STYLE('',(#4449));
#4449 = FILL_AREA_STYLE_COLOUR('',#4050);
#4450 = OVER_RIDING_STYLED_ITEM('overriding color',(#4451),#1965,#4033);
#4451 = PRESENTATION_STYLE_ASSIGNMENT((#4452));
#4452 = SURFACE_STYLE_USAGE(.BOTH.,#4453);
#4453 = SURFACE_SIDE_STYLE('',(#4454));
#4454 = SURFACE_STYLE_FILL_AREA(#4455);
#4455 = FILL_AREA_STYLE('',(#4456));
#4456 = FILL_AREA_STYLE_COLOUR('',#4050);
#4457 = OVER_RIDING_STYLED_ITEM('overriding color',(#4458),#2007,#4033);
#4458 = PRESENTATION_STYLE_ASSIGNMENT((#4459));
#4459 = SURFACE_STYLE_USAGE(.BOTH.,#4460);
#4460 = SURFACE_SIDE_STYLE('',(#4461));
#4461 = SURFACE_STYLE_FILL_AREA(#4462);
#4462 = FILL_AREA_STYLE('',(#4463));
#4463 = FILL_AREA_STYLE_COLOUR('',#4050);
#4464 = OVER_RIDING_STYLED_ITEM('overriding color',(#4465),#2031,#4033);
#4465 = PRESENTATION_STYLE_ASSIGNMENT((#4466));
#4466 = SURFACE_STYLE_USAGE(.BOTH.,#4467);
#4467 = SURFACE_SIDE_STYLE('',(#4468));
#4468 = SURFACE_STYLE_FILL_AREA(#4469);
#4469 = FILL_AREA_STYLE('',(#4470));
#4470 = FILL_AREA_STYLE_COLOUR('',#4050);
#4471 = OVER_RIDING_STYLED_ITEM('overriding color',(#4472),#2073,#4033);
#4472 = PRESENTATION_STYLE_ASSIGNMENT((#4473));
#4473 = SURFACE_STYLE_USAGE(.BOTH.,#4474);
#4474 = SURFACE_SIDE_STYLE('',(#4475));
#4475 = SURFACE_STYLE_FILL_AREA(#4476);
#4476 = FILL_AREA_STYLE('',(#4477));
#4477 = FILL_AREA_STYLE_COLOUR('',#4050);
#4478 = OVER_RIDING_STYLED_ITEM('overriding color',(#4479),#2097,#4033);
#4479 = PRESENTATION_STYLE_ASSIGNMENT((#4480));
#4480 = SURFACE_STYLE_USAGE(.BOTH.,#4481);
#4481 = SURFACE_SIDE_STYLE('',(#4482));
#4482 = SURFACE_STYLE_FILL_AREA(#4483);
#4483 = FILL_AREA_STYLE('',(#4484));
#4484 = FILL_AREA_STYLE_COLOUR('',#4050);
#4485 = OVER_RIDING_STYLED_ITEM('overriding color',(#4486),#2139,#4033);
#4486 = PRESENTATION_STYLE_ASSIGNMENT((#4487));
#4487 = SURFACE_STYLE_USAGE(.BOTH.,#4488);
#4488 = SURFACE_SIDE_STYLE('',(#4489));
#4489 = SURFACE_STYLE_FILL_AREA(#4490);
#4490 = FILL_AREA_STYLE('',(#4491));
#4491 = FILL_AREA_STYLE_COLOUR('',#4050);
#4492 = OVER_RIDING_STYLED_ITEM('overriding color',(#4493),#2163,#4033);
#4493 = PRESENTATION_STYLE_ASSIGNMENT((#4494));
#4494 = SURFACE_STYLE_USAGE(.BOTH.,#4495);
#4495 = SURFACE_SIDE_STYLE('',(#4496));
#4496 = SURFACE_STYLE_FILL_AREA(#4497);
#4497 = FILL_AREA_STYLE('',(#4498));
#4498 = FILL_AREA_STYLE_COLOUR('',#4050);
#4499 = OVER_RIDING_STYLED_ITEM('overriding color',(#4500),#2205,#4033);
#4500 = PRESENTATION_STYLE_ASSIGNMENT((#4501));
#4501 = SURFACE_STYLE_USAGE(.BOTH.,#4502);
#4502 = SURFACE_SIDE_STYLE('',(#4503));
#4503 = SURFACE_STYLE_FILL_AREA(#4504);
#4504 = FILL_AREA_STYLE('',(#4505));
#4505 = FILL_AREA_STYLE_COLOUR('',#4050);
#4506 = OVER_RIDING_STYLED_ITEM('overriding color',(#4507),#2229,#4033);
#4507 = PRESENTATION_STYLE_ASSIGNMENT((#4508));
#4508 = SURFACE_STYLE_USAGE(.BOTH.,#4509);
#4509 = SURFACE_SIDE_STYLE('',(#4510));
#4510 = SURFACE_STYLE_FILL_AREA(#4511);
#4511 = FILL_AREA_STYLE('',(#4512));
#4512 = FILL_AREA_STYLE_COLOUR('',#4050);
#4513 = OVER_RIDING_STYLED_ITEM('overriding color',(#4514),#2271,#4033);
#4514 = PRESENTATION_STYLE_ASSIGNMENT((#4515));
#4515 = SURFACE_STYLE_USAGE(.BOTH.,#4516);
#4516 = SURFACE_SIDE_STYLE('',(#4517));
#4517 = SURFACE_STYLE_FILL_AREA(#4518);
#4518 = FILL_AREA_STYLE('',(#4519));
#4519 = FILL_AREA_STYLE_COLOUR('',#4050);
#4520 = OVER_RIDING_STYLED_ITEM('overriding color',(#4521),#2295,#4033);
#4521 = PRESENTATION_STYLE_ASSIGNMENT((#4522));
#4522 = SURFACE_STYLE_USAGE(.BOTH.,#4523);
#4523 = SURFACE_SIDE_STYLE('',(#4524));
#4524 = SURFACE_STYLE_FILL_AREA(#4525);
#4525 = FILL_AREA_STYLE('',(#4526));
#4526 = FILL_AREA_STYLE_COLOUR('',#4050);
#4527 = OVER_RIDING_STYLED_ITEM('overriding color',(#4528),#2337,#4033);
#4528 = PRESENTATION_STYLE_ASSIGNMENT((#4529));
#4529 = SURFACE_STYLE_USAGE(.BOTH.,#4530);
#4530 = SURFACE_SIDE_STYLE('',(#4531));
#4531 = SURFACE_STYLE_FILL_AREA(#4532);
#4532 = FILL_AREA_STYLE('',(#4533));
#4533 = FILL_AREA_STYLE_COLOUR('',#4050);
#4534 = OVER_RIDING_STYLED_ITEM('overriding color',(#4535),#2361,#4033);
#4535 = PRESENTATION_STYLE_ASSIGNMENT((#4536));
#4536 = SURFACE_STYLE_USAGE(.BOTH.,#4537);
#4537 = SURFACE_SIDE_STYLE('',(#4538));
#4538 = SURFACE_STYLE_FILL_AREA(#4539);
#4539 = FILL_AREA_STYLE('',(#4540));
#4540 = FILL_AREA_STYLE_COLOUR('',#4050);
#4541 = OVER_RIDING_STYLED_ITEM('overriding color',(#4542),#2403,#4033);
#4542 = PRESENTATION_STYLE_ASSIGNMENT((#4543));
#4543 = SURFACE_STYLE_USAGE(.BOTH.,#4544);
#4544 = SURFACE_SIDE_STYLE('',(#4545));
#4545 = SURFACE_STYLE_FILL_AREA(#4546);
#4546 = FILL_AREA_STYLE('',(#4547));
#4547 = FILL_AREA_STYLE_COLOUR('',#4050);
#4548 = OVER_RIDING_STYLED_ITEM('overriding color',(#4549),#2427,#4033);
#4549 = PRESENTATION_STYLE_ASSIGNMENT((#4550));
#4550 = SURFACE_STYLE_USAGE(.BOTH.,#4551);
#4551 = SURFACE_SIDE_STYLE('',(#4552));
#4552 = SURFACE_STYLE_FILL_AREA(#4553);
#4553 = FILL_AREA_STYLE('',(#4554));
#4554 = FILL_AREA_STYLE_COLOUR('',#4050);
#4555 = OVER_RIDING_STYLED_ITEM('overriding color',(#4556),#2469,#4033);
#4556 = PRESENTATION_STYLE_ASSIGNMENT((#4557));
#4557 = SURFACE_STYLE_USAGE(.BOTH.,#4558);
#4558 = SURFACE_SIDE_STYLE('',(#4559));
#4559 = SURFACE_STYLE_FILL_AREA(#4560);
#4560 = FILL_AREA_STYLE('',(#4561));
#4561 = FILL_AREA_STYLE_COLOUR('',#4050);
#4562 = OVER_RIDING_STYLED_ITEM('overriding color',(#4563),#2493,#4033);
#4563 = PRESENTATION_STYLE_ASSIGNMENT((#4564));
#4564 = SURFACE_STYLE_USAGE(.BOTH.,#4565);
#4565 = SURFACE_SIDE_STYLE('',(#4566));
#4566 = SURFACE_STYLE_FILL_AREA(#4567);
#4567 = FILL_AREA_STYLE('',(#4568));
#4568 = FILL_AREA_STYLE_COLOUR('',#4050);
#4569 = OVER_RIDING_STYLED_ITEM('overriding color',(#4570),#2535,#4033);
#4570 = PRESENTATION_STYLE_ASSIGNMENT((#4571));
#4571 = SURFACE_STYLE_USAGE(.BOTH.,#4572);
#4572 = SURFACE_SIDE_STYLE('',(#4573));
#4573 = SURFACE_STYLE_FILL_AREA(#4574);
#4574 = FILL_AREA_STYLE('',(#4575));
#4575 = FILL_AREA_STYLE_COLOUR('',#4050);
#4576 = OVER_RIDING_STYLED_ITEM('overriding color',(#4577),#2559,#4033);
#4577 = PRESENTATION_STYLE_ASSIGNMENT((#4578));
#4578 = SURFACE_STYLE_USAGE(.BOTH.,#4579);
#4579 = SURFACE_SIDE_STYLE('',(#4580));
#4580 = SURFACE_STYLE_FILL_AREA(#4581);
#4581 = FILL_AREA_STYLE('',(#4582));
#4582 = FILL_AREA_STYLE_COLOUR('',#4050);
#4583 = OVER_RIDING_STYLED_ITEM('overriding color',(#4584),#2601,#4033);
#4584 = PRESENTATION_STYLE_ASSIGNMENT((#4585));
#4585 = SURFACE_STYLE_USAGE(.BOTH.,#4586);
#4586 = SURFACE_SIDE_STYLE('',(#4587));
#4587 = SURFACE_STYLE_FILL_AREA(#4588);
#4588 = FILL_AREA_STYLE('',(#4589));
#4589 = FILL_AREA_STYLE_COLOUR('',#4050);
#4590 = OVER_RIDING_STYLED_ITEM('overriding color',(#4591),#2625,#4033);
#4591 = PRESENTATION_STYLE_ASSIGNMENT((#4592));
#4592 = SURFACE_STYLE_USAGE(.BOTH.,#4593);
#4593 = SURFACE_SIDE_STYLE('',(#4594));
#4594 = SURFACE_STYLE_FILL_AREA(#4595);
#4595 = FILL_AREA_STYLE('',(#4596));
#4596 = FILL_AREA_STYLE_COLOUR('',#4050);
#4597 = OVER_RIDING_STYLED_ITEM('overriding color',(#4598),#2667,#4033);
#4598 = PRESENTATION_STYLE_ASSIGNMENT((#4599));
#4599 = SURFACE_STYLE_USAGE(.BOTH.,#4600);
#4600 = SURFACE_SIDE_STYLE('',(#4601));
#4601 = SURFACE_STYLE_FILL_AREA(#4602);
#4602 = FILL_AREA_STYLE('',(#4603));
#4603 = FILL_AREA_STYLE_COLOUR('',#4050);
#4604 = OVER_RIDING_STYLED_ITEM('overriding color',(#4605),#2691,#4033);
#4605 = PRESENTATION_STYLE_ASSIGNMENT((#4606));
#4606 = SURFACE_STYLE_USAGE(.BOTH.,#4607);
#4607 = SURFACE_SIDE_STYLE('',(#4608));
#4608 = SURFACE_STYLE_FILL_AREA(#4609);
#4609 = FILL_AREA_STYLE('',(#4610));
#4610 = FILL_AREA_STYLE_COLOUR('',#4050);
#4611 = OVER_RIDING_STYLED_ITEM('overriding color',(#4612),#2733,#4033);
#4612 = PRESENTATION_STYLE_ASSIGNMENT((#4613));
#4613 = SURFACE_STYLE_USAGE(.BOTH.,#4614);
#4614 = SURFACE_SIDE_STYLE('',(#4615));
#4615 = SURFACE_STYLE_FILL_AREA(#4616);
#4616 = FILL_AREA_STYLE('',(#4617));
#4617 = FILL_AREA_STYLE_COLOUR('',#4050);
#4618 = OVER_RIDING_STYLED_ITEM('overriding color',(#4619),#2757,#4033);
#4619 = PRESENTATION_STYLE_ASSIGNMENT((#4620));
#4620 = SURFACE_STYLE_USAGE(.BOTH.,#4621);
#4621 = SURFACE_SIDE_STYLE('',(#4622));
#4622 = SURFACE_STYLE_FILL_AREA(#4623);
#4623 = FILL_AREA_STYLE('',(#4624));
#4624 = FILL_AREA_STYLE_COLOUR('',#4050);
#4625 = OVER_RIDING_STYLED_ITEM('overriding color',(#4626),#2799,#4033);
#4626 = PRESENTATION_STYLE_ASSIGNMENT((#4627));
#4627 = SURFACE_STYLE_USAGE(.BOTH.,#4628);
#4628 = SURFACE_SIDE_STYLE('',(#4629));
#4629 = SURFACE_STYLE_FILL_AREA(#4630);
#4630 = FILL_AREA_STYLE('',(#4631));
#4631 = FILL_AREA_STYLE_COLOUR('',#4050);
#4632 = OVER_RIDING_STYLED_ITEM('overriding color',(#4633),#2823,#4033);
#4633 = PRESENTATION_STYLE_ASSIGNMENT((#4634));
#4634 = SURFACE_STYLE_USAGE(.BOTH.,#4635);
#4635 = SURFACE_SIDE_STYLE('',(#4636));
#4636 = SURFACE_STYLE_FILL_AREA(#4637);
#4637 = FILL_AREA_STYLE('',(#4638));
#4638 = FILL_AREA_STYLE_COLOUR('',#4050);
#4639 = OVER_RIDING_STYLED_ITEM('overriding color',(#4640),#2865,#4033);
#4640 = PRESENTATION_STYLE_ASSIGNMENT((#4641));
#4641 = SURFACE_STYLE_USAGE(.BOTH.,#4642);
#4642 = SURFACE_SIDE_STYLE('',(#4643));
#4643 = SURFACE_STYLE_FILL_AREA(#4644);
#4644 = FILL_AREA_STYLE('',(#4645));
#4645 = FILL_AREA_STYLE_COLOUR('',#4050);
#4646 = OVER_RIDING_STYLED_ITEM('overriding color',(#4647),#2889,#4033);
#4647 = PRESENTATION_STYLE_ASSIGNMENT((#4648));
#4648 = SURFACE_STYLE_USAGE(.BOTH.,#4649);
#4649 = SURFACE_SIDE_STYLE('',(#4650));
#4650 = SURFACE_STYLE_FILL_AREA(#4651);
#4651 = FILL_AREA_STYLE('',(#4652));
#4652 = FILL_AREA_STYLE_COLOUR('',#4050);
#4653 = OVER_RIDING_STYLED_ITEM('overriding color',(#4654),#2931,#4033);
#4654 = PRESENTATION_STYLE_ASSIGNMENT((#4655));
#4655 = SURFACE_STYLE_USAGE(.BOTH.,#4656);
#4656 = SURFACE_SIDE_STYLE('',(#4657));
#4657 = SURFACE_STYLE_FILL_AREA(#4658);
#4658 = FILL_AREA_STYLE('',(#4659));
#4659 = FILL_AREA_STYLE_COLOUR('',#4050);
#4660 = OVER_RIDING_STYLED_ITEM('overriding color',(#4661),#2955,#4033);
#4661 = PRESENTATION_STYLE_ASSIGNMENT((#4662));
#4662 = SURFACE_STYLE_USAGE(.BOTH.,#4663);
#4663 = SURFACE_SIDE_STYLE('',(#4664));
#4664 = SURFACE_STYLE_FILL_AREA(#4665);
#4665 = FILL_AREA_STYLE('',(#4666));
#4666 = FILL_AREA_STYLE_COLOUR('',#4050);
#4667 = OVER_RIDING_STYLED_ITEM('overriding color',(#4668),#2997,#4033);
#4668 = PRESENTATION_STYLE_ASSIGNMENT((#4669));
#4669 = SURFACE_STYLE_USAGE(.BOTH.,#4670);
#4670 = SURFACE_SIDE_STYLE('',(#4671));
#4671 = SURFACE_STYLE_FILL_AREA(#4672);
#4672 = FILL_AREA_STYLE('',(#4673));
#4673 = FILL_AREA_STYLE_COLOUR('',#4050);
#4674 = OVER_RIDING_STYLED_ITEM('overriding color',(#4675),#3021,#4033);
#4675 = PRESENTATION_STYLE_ASSIGNMENT((#4676));
#4676 = SURFACE_STYLE_USAGE(.BOTH.,#4677);
#4677 = SURFACE_SIDE_STYLE('',(#4678));
#4678 = SURFACE_STYLE_FILL_AREA(#4679);
#4679 = FILL_AREA_STYLE('',(#4680));
#4680 = FILL_AREA_STYLE_COLOUR('',#4050);
#4681 = OVER_RIDING_STYLED_ITEM('overriding color',(#4682),#3063,#4033);
#4682 = PRESENTATION_STYLE_ASSIGNMENT((#4683));
#4683 = SURFACE_STYLE_USAGE(.BOTH.,#4684);
#4684 = SURFACE_SIDE_STYLE('',(#4685));
#4685 = SURFACE_STYLE_FILL_AREA(#4686);
#4686 = FILL_AREA_STYLE('',(#4687));
#4687 = FILL_AREA_STYLE_COLOUR('',#4050);
#4688 = OVER_RIDING_STYLED_ITEM('overriding color',(#4689),#3087,#4033);
#4689 = PRESENTATION_STYLE_ASSIGNMENT((#4690));
#4690 = SURFACE_STYLE_USAGE(.BOTH.,#4691);
#4691 = SURFACE_SIDE_STYLE('',(#4692));
#4692 = SURFACE_STYLE_FILL_AREA(#4693);
#4693 = FILL_AREA_STYLE('',(#4694));
#4694 = FILL_AREA_STYLE_COLOUR('',#4050);
#4695 = OVER_RIDING_STYLED_ITEM('overriding color',(#4696),#3129,#4033);
#4696 = PRESENTATION_STYLE_ASSIGNMENT((#4697));
#4697 = SURFACE_STYLE_USAGE(.BOTH.,#4698);
#4698 = SURFACE_SIDE_STYLE('',(#4699));
#4699 = SURFACE_STYLE_FILL_AREA(#4700);
#4700 = FILL_AREA_STYLE('',(#4701));
#4701 = FILL_AREA_STYLE_COLOUR('',#4050);
#4702 = OVER_RIDING_STYLED_ITEM('overriding color',(#4703),#3153,#4033);
#4703 = PRESENTATION_STYLE_ASSIGNMENT((#4704));
#4704 = SURFACE_STYLE_USAGE(.BOTH.,#4705);
#4705 = SURFACE_SIDE_STYLE('',(#4706));
#4706 = SURFACE_STYLE_FILL_AREA(#4707);
#4707 = FILL_AREA_STYLE('',(#4708));
#4708 = FILL_AREA_STYLE_COLOUR('',#4050);
#4709 = OVER_RIDING_STYLED_ITEM('overriding color',(#4710),#3195,#4033);
#4710 = PRESENTATION_STYLE_ASSIGNMENT((#4711));
#4711 = SURFACE_STYLE_USAGE(.BOTH.,#4712);
#4712 = SURFACE_SIDE_STYLE('',(#4713));
#4713 = SURFACE_STYLE_FILL_AREA(#4714);
#4714 = FILL_AREA_STYLE('',(#4715));
#4715 = FILL_AREA_STYLE_COLOUR('',#4050);
#4716 = OVER_RIDING_STYLED_ITEM('overriding color',(#4717),#3219,#4033);
#4717 = PRESENTATION_STYLE_ASSIGNMENT((#4718));
#4718 = SURFACE_STYLE_USAGE(.BOTH.,#4719);
#4719 = SURFACE_SIDE_STYLE('',(#4720));
#4720 = SURFACE_STYLE_FILL_AREA(#4721);
#4721 = FILL_AREA_STYLE('',(#4722));
#4722 = FILL_AREA_STYLE_COLOUR('',#4050);
#4723 = OVER_RIDING_STYLED_ITEM('overriding color',(#4724),#3261,#4033);
#4724 = PRESENTATION_STYLE_ASSIGNMENT((#4725));
#4725 = SURFACE_STYLE_USAGE(.BOTH.,#4726);
#4726 = SURFACE_SIDE_STYLE('',(#4727));
#4727 = SURFACE_STYLE_FILL_AREA(#4728);
#4728 = FILL_AREA_STYLE('',(#4729));
#4729 = FILL_AREA_STYLE_COLOUR('',#4050);
#4730 = OVER_RIDING_STYLED_ITEM('overriding color',(#4731),#3285,#4033);
#4731 = PRESENTATION_STYLE_ASSIGNMENT((#4732));
#4732 = SURFACE_STYLE_USAGE(.BOTH.,#4733);
#4733 = SURFACE_SIDE_STYLE('',(#4734));
#4734 = SURFACE_STYLE_FILL_AREA(#4735);
#4735 = FILL_AREA_STYLE('',(#4736));
#4736 = FILL_AREA_STYLE_COLOUR('',#4050);
#4737 = OVER_RIDING_STYLED_ITEM('overriding color',(#4738),#3327,#4033);
#4738 = PRESENTATION_STYLE_ASSIGNMENT((#4739));
#4739 = SURFACE_STYLE_USAGE(.BOTH.,#4740);
#4740 = SURFACE_SIDE_STYLE('',(#4741));
#4741 = SURFACE_STYLE_FILL_AREA(#4742);
#4742 = FILL_AREA_STYLE('',(#4743));
#4743 = FILL_AREA_STYLE_COLOUR('',#4050);
#4744 = OVER_RIDING_STYLED_ITEM('overriding color',(#4745),#3351,#4033);
#4745 = PRESENTATION_STYLE_ASSIGNMENT((#4746));
#4746 = SURFACE_STYLE_USAGE(.BOTH.,#4747);
#4747 = SURFACE_SIDE_STYLE('',(#4748));
#4748 = SURFACE_STYLE_FILL_AREA(#4749);
#4749 = FILL_AREA_STYLE('',(#4750));
#4750 = FILL_AREA_STYLE_COLOUR('',#4050);
#4751 = OVER_RIDING_STYLED_ITEM('overriding color',(#4752),#3393,#4033);
#4752 = PRESENTATION_STYLE_ASSIGNMENT((#4753));
#4753 = SURFACE_STYLE_USAGE(.BOTH.,#4754);
#4754 = SURFACE_SIDE_STYLE('',(#4755));
#4755 = SURFACE_STYLE_FILL_AREA(#4756);
#4756 = FILL_AREA_STYLE('',(#4757));
#4757 = FILL_AREA_STYLE_COLOUR('',#4050);
#4758 = OVER_RIDING_STYLED_ITEM('overriding color',(#4759),#3417,#4033);
#4759 = PRESENTATION_STYLE_ASSIGNMENT((#4760));
#4760 = SURFACE_STYLE_USAGE(.BOTH.,#4761);
#4761 = SURFACE_SIDE_STYLE('',(#4762));
#4762 = SURFACE_STYLE_FILL_AREA(#4763);
#4763 = FILL_AREA_STYLE('',(#4764));
#4764 = FILL_AREA_STYLE_COLOUR('',#4050);
#4765 = OVER_RIDING_STYLED_ITEM('overriding color',(#4766),#3459,#4033);
#4766 = PRESENTATION_STYLE_ASSIGNMENT((#4767));
#4767 = SURFACE_STYLE_USAGE(.BOTH.,#4768);
#4768 = SURFACE_SIDE_STYLE('',(#4769));
#4769 = SURFACE_STYLE_FILL_AREA(#4770);
#4770 = FILL_AREA_STYLE('',(#4771));
#4771 = FILL_AREA_STYLE_COLOUR('',#4050);


ENDSEC;
END-ISO-10303-21;